Product ID*;Attribute (Name:Type:Position);Value (Value:Position);Quantity
2;Kolor:color:0, Rozmiar:select:1;Czerwony:0, 39:1;2
2;Kolor:color:0, Rozmiar:select:1;Czerwony:0, 40:1;3
2;Kolor:color:0, Rozmiar:select:1;Czerwony:0, 41:1;18
2;Kolor:color:0, Rozmiar:select:1;Czerwony:0, 42:1;17
2;Kolor:color:0, Rozmiar:select:1;Czerwony:0, 43:1;12
2;Kolor:color:0, Rozmiar:select:1;Zielony:0, 39:1;5
2;Kolor:color:0, Rozmiar:select:1;Zielony:0, 40:1;10
2;Kolor:color:0, Rozmiar:select:1;Zielony:0, 41:1;17
2;Kolor:color:0, Rozmiar:select:1;Zielony:0, 42:1;17
2;Kolor:color:0, Rozmiar:select:1;Zielony:0, 43:1;8
2;Kolor:color:0, Rozmiar:select:1;Niebieski:0, 39:1;20
2;Kolor:color:0, Rozmiar:select:1;Niebieski:0, 40:1;8
2;Kolor:color:0, Rozmiar:select:1;Niebieski:0, 41:1;8
2;Kolor:color:0, Rozmiar:select:1;Niebieski:0, 42:1;5
2;Kolor:color:0, Rozmiar:select:1;Niebieski:0, 43:1;15
2;Kolor:color:0, Rozmiar:select:1;Szary:0, 39:1;18
2;Kolor:color:0, Rozmiar:select:1;Szary:0, 40:1;17
2;Kolor:color:0, Rozmiar:select:1;Szary:0, 41:1;8
2;Kolor:color:0, Rozmiar:select:1;Szary:0, 42:1;10
2;Kolor:color:0, Rozmiar:select:1;Szary:0, 43:1;19
2;Kolor:color:0, Rozmiar:select:1;Czarny:0, 39:1;11
2;Kolor:color:0, Rozmiar:select:1;Czarny:0, 40:1;18
2;Kolor:color:0, Rozmiar:select:1;Czarny:0, 41:1;7
2;Kolor:color:0, Rozmiar:select:1;Czarny:0, 42:1;13
2;Kolor:color:0, Rozmiar:select:1;Czarny:0, 43:1;3
9;Kolor:color:0, Rozmiar:select:1;Czerwony:0, 39:1;2
9;Kolor:color:0, Rozmiar:select:1;Czerwony:0, 40:1;9
9;Kolor:color:0, Rozmiar:select:1;Czerwony:0, 41:1;5
9;Kolor:color:0, Rozmiar:select:1;Czerwony:0, 42:1;1
9;Kolor:color:0, Rozmiar:select:1;Czerwony:0, 43:1;6
9;Kolor:color:0, Rozmiar:select:1;Zielony:0, 39:1;14
9;Kolor:color:0, Rozmiar:select:1;Zielony:0, 40:1;11
9;Kolor:color:0, Rozmiar:select:1;Zielony:0, 41:1;12
9;Kolor:color:0, Rozmiar:select:1;Zielony:0, 42:1;7
9;Kolor:color:0, Rozmiar:select:1;Zielony:0, 43:1;12
9;Kolor:color:0, Rozmiar:select:1;Niebieski:0, 39:1;7
9;Kolor:color:0, Rozmiar:select:1;Niebieski:0, 40:1;8
9;Kolor:color:0, Rozmiar:select:1;Niebieski:0, 41:1;19
9;Kolor:color:0, Rozmiar:select:1;Niebieski:0, 42:1;10
9;Kolor:color:0, Rozmiar:select:1;Niebieski:0, 43:1;3
9;Kolor:color:0, Rozmiar:select:1;Szary:0, 39:1;0
9;Kolor:color:0, Rozmiar:select:1;Szary:0, 40:1;6
9;Kolor:color:0, Rozmiar:select:1;Szary:0, 41:1;2
9;Kolor:color:0, Rozmiar:select:1;Szary:0, 42:1;11
9;Kolor:color:0, Rozmiar:select:1;Szary:0, 43:1;5
9;Kolor:color:0, Rozmiar:select:1;Czarny:0, 39:1;7
9;Kolor:color:0, Rozmiar:select:1;Czarny:0, 40:1;11
9;Kolor:color:0, Rozmiar:select:1;Czarny:0, 41:1;4
9;Kolor:color:0, Rozmiar:select:1;Czarny:0, 42:1;17
9;Kolor:color:0, Rozmiar:select:1;Czarny:0, 43:1;6
10;Kolor:color:0, Rozmiar:select:1;Czerwony:0, 39:1;1
10;Kolor:color:0, Rozmiar:select:1;Czerwony:0, 40:1;1
10;Kolor:color:0, Rozmiar:select:1;Czerwony:0, 41:1;11
10;Kolor:color:0, Rozmiar:select:1;Czerwony:0, 42:1;0
10;Kolor:color:0, Rozmiar:select:1;Czerwony:0, 43:1;1
10;Kolor:color:0, Rozmiar:select:1;Zielony:0, 39:1;13
10;Kolor:color:0, Rozmiar:select:1;Zielony:0, 40:1;12
10;Kolor:color:0, Rozmiar:select:1;Zielony:0, 41:1;7
10;Kolor:color:0, Rozmiar:select:1;Zielony:0, 42:1;8
10;Kolor:color:0, Rozmiar:select:1;Zielony:0, 43:1;4
10;Kolor:color:0, Rozmiar:select:1;Niebieski:0, 39:1;8
10;Kolor:color:0, Rozmiar:select:1;Niebieski:0, 40:1;16
10;Kolor:color:0, Rozmiar:select:1;Niebieski:0, 41:1;20
10;Kolor:color:0, Rozmiar:select:1;Niebieski:0, 42:1;7
10;Kolor:color:0, Rozmiar:select:1;Niebieski:0, 43:1;20
10;Kolor:color:0, Rozmiar:select:1;Szary:0, 39:1;18
10;Kolor:color:0, Rozmiar:select:1;Szary:0, 40:1;19
10;Kolor:color:0, Rozmiar:select:1;Szary:0, 41:1;20
10;Kolor:color:0, Rozmiar:select:1;Szary:0, 42:1;10
10;Kolor:color:0, Rozmiar:select:1;Szary:0, 43:1;20
10;Kolor:color:0, Rozmiar:select:1;Czarny:0, 39:1;1
10;Kolor:color:0, Rozmiar:select:1;Czarny:0, 40:1;10
10;Kolor:color:0, Rozmiar:select:1;Czarny:0, 41:1;7
10;Kolor:color:0, Rozmiar:select:1;Czarny:0, 42:1;8
10;Kolor:color:0, Rozmiar:select:1;Czarny:0, 43:1;14
50;Kolor:color:0, Rozmiar:select:1;Czerwony:0, 39:1;11
50;Kolor:color:0, Rozmiar:select:1;Czerwony:0, 40:1;13
50;Kolor:color:0, Rozmiar:select:1;Czerwony:0, 41:1;5
50;Kolor:color:0, Rozmiar:select:1;Czerwony:0, 42:1;11
50;Kolor:color:0, Rozmiar:select:1;Czerwony:0, 43:1;0
50;Kolor:color:0, Rozmiar:select:1;Zielony:0, 39:1;8
50;Kolor:color:0, Rozmiar:select:1;Zielony:0, 40:1;14
50;Kolor:color:0, Rozmiar:select:1;Zielony:0, 41:1;4
50;Kolor:color:0, Rozmiar:select:1;Zielony:0, 42:1;6
50;Kolor:color:0, Rozmiar:select:1;Zielony:0, 43:1;19
50;Kolor:color:0, Rozmiar:select:1;Niebieski:0, 39:1;6
50;Kolor:color:0, Rozmiar:select:1;Niebieski:0, 40:1;14
50;Kolor:color:0, Rozmiar:select:1;Niebieski:0, 41:1;2
50;Kolor:color:0, Rozmiar:select:1;Niebieski:0, 42:1;2
50;Kolor:color:0, Rozmiar:select:1;Niebieski:0, 43:1;9
50;Kolor:color:0, Rozmiar:select:1;Szary:0, 39:1;16
50;Kolor:color:0, Rozmiar:select:1;Szary:0, 40:1;14
50;Kolor:color:0, Rozmiar:select:1;Szary:0, 41:1;17
50;Kolor:color:0, Rozmiar:select:1;Szary:0, 42:1;0
50;Kolor:color:0, Rozmiar:select:1;Szary:0, 43:1;9
50;Kolor:color:0, Rozmiar:select:1;Czarny:0, 39:1;10
50;Kolor:color:0, Rozmiar:select:1;Czarny:0, 40:1;10
50;Kolor:color:0, Rozmiar:select:1;Czarny:0, 41:1;17
50;Kolor:color:0, Rozmiar:select:1;Czarny:0, 42:1;8
50;Kolor:color:0, Rozmiar:select:1;Czarny:0, 43:1;10
56;Kolor:color:0, Rozmiar:select:1;Czerwony:0, 39:1;20
56;Kolor:color:0, Rozmiar:select:1;Czerwony:0, 40:1;11
56;Kolor:color:0, Rozmiar:select:1;Czerwony:0, 41:1;2
56;Kolor:color:0, Rozmiar:select:1;Czerwony:0, 42:1;1
56;Kolor:color:0, Rozmiar:select:1;Czerwony:0, 43:1;3
56;Kolor:color:0, Rozmiar:select:1;Zielony:0, 39:1;16
56;Kolor:color:0, Rozmiar:select:1;Zielony:0, 40:1;8
56;Kolor:color:0, Rozmiar:select:1;Zielony:0, 41:1;10
56;Kolor:color:0, Rozmiar:select:1;Zielony:0, 42:1;2
56;Kolor:color:0, Rozmiar:select:1;Zielony:0, 43:1;4
56;Kolor:color:0, Rozmiar:select:1;Niebieski:0, 39:1;20
56;Kolor:color:0, Rozmiar:select:1;Niebieski:0, 40:1;11
56;Kolor:color:0, Rozmiar:select:1;Niebieski:0, 41:1;3
56;Kolor:color:0, Rozmiar:select:1;Niebieski:0, 42:1;15
56;Kolor:color:0, Rozmiar:select:1;Niebieski:0, 43:1;3
56;Kolor:color:0, Rozmiar:select:1;Szary:0, 39:1;17
56;Kolor:color:0, Rozmiar:select:1;Szary:0, 40:1;19
56;Kolor:color:0, Rozmiar:select:1;Szary:0, 41:1;11
56;Kolor:color:0, Rozmiar:select:1;Szary:0, 42:1;5
56;Kolor:color:0, Rozmiar:select:1;Szary:0, 43:1;2
56;Kolor:color:0, Rozmiar:select:1;Czarny:0, 39:1;13
56;Kolor:color:0, Rozmiar:select:1;Czarny:0, 40:1;11
56;Kolor:color:0, Rozmiar:select:1;Czarny:0, 41:1;9
56;Kolor:color:0, Rozmiar:select:1;Czarny:0, 42:1;12
56;Kolor:color:0, Rozmiar:select:1;Czarny:0, 43:1;15
57;Kolor:color:0, Rozmiar:select:1;Czerwony:0, 39:1;3
57;Kolor:color:0, Rozmiar:select:1;Czerwony:0, 40:1;15
57;Kolor:color:0, Rozmiar:select:1;Czerwony:0, 41:1;18
57;Kolor:color:0, Rozmiar:select:1;Czerwony:0, 42:1;17
57;Kolor:color:0, Rozmiar:select:1;Czerwony:0, 43:1;18
57;Kolor:color:0, Rozmiar:select:1;Zielony:0, 39:1;5
57;Kolor:color:0, Rozmiar:select:1;Zielony:0, 40:1;10
57;Kolor:color:0, Rozmiar:select:1;Zielony:0, 41:1;19
57;Kolor:color:0, Rozmiar:select:1;Zielony:0, 42:1;10
57;Kolor:color:0, Rozmiar:select:1;Zielony:0, 43:1;13
57;Kolor:color:0, Rozmiar:select:1;Niebieski:0, 39:1;12
57;Kolor:color:0, Rozmiar:select:1;Niebieski:0, 40:1;1
57;Kolor:color:0, Rozmiar:select:1;Niebieski:0, 41:1;4
57;Kolor:color:0, Rozmiar:select:1;Niebieski:0, 42:1;4
57;Kolor:color:0, Rozmiar:select:1;Niebieski:0, 43:1;15
57;Kolor:color:0, Rozmiar:select:1;Szary:0, 39:1;16
57;Kolor:color:0, Rozmiar:select:1;Szary:0, 40:1;15
57;Kolor:color:0, Rozmiar:select:1;Szary:0, 41:1;1
57;Kolor:color:0, Rozmiar:select:1;Szary:0, 42:1;14
57;Kolor:color:0, Rozmiar:select:1;Szary:0, 43:1;20
57;Kolor:color:0, Rozmiar:select:1;Czarny:0, 39:1;20
57;Kolor:color:0, Rozmiar:select:1;Czarny:0, 40:1;3
57;Kolor:color:0, Rozmiar:select:1;Czarny:0, 41:1;12
57;Kolor:color:0, Rozmiar:select:1;Czarny:0, 42:1;2
57;Kolor:color:0, Rozmiar:select:1;Czarny:0, 43:1;11
65;Kolor:color:0, Rozmiar:select:1;Czerwony:0, 39:1;5
65;Kolor:color:0, Rozmiar:select:1;Czerwony:0, 40:1;18
65;Kolor:color:0, Rozmiar:select:1;Czerwony:0, 41:1;11
65;Kolor:color:0, Rozmiar:select:1;Czerwony:0, 42:1;19
65;Kolor:color:0, Rozmiar:select:1;Czerwony:0, 43:1;2
65;Kolor:color:0, Rozmiar:select:1;Zielony:0, 39:1;19
65;Kolor:color:0, Rozmiar:select:1;Zielony:0, 40:1;17
65;Kolor:color:0, Rozmiar:select:1;Zielony:0, 41:1;8
65;Kolor:color:0, Rozmiar:select:1;Zielony:0, 42:1;11
65;Kolor:color:0, Rozmiar:select:1;Zielony:0, 43:1;1
65;Kolor:color:0, Rozmiar:select:1;Niebieski:0, 39:1;15
65;Kolor:color:0, Rozmiar:select:1;Niebieski:0, 40:1;19
65;Kolor:color:0, Rozmiar:select:1;Niebieski:0, 41:1;19
65;Kolor:color:0, Rozmiar:select:1;Niebieski:0, 42:1;17
65;Kolor:color:0, Rozmiar:select:1;Niebieski:0, 43:1;7
65;Kolor:color:0, Rozmiar:select:1;Szary:0, 39:1;7
65;Kolor:color:0, Rozmiar:select:1;Szary:0, 40:1;2
65;Kolor:color:0, Rozmiar:select:1;Szary:0, 41:1;6
65;Kolor:color:0, Rozmiar:select:1;Szary:0, 42:1;17
65;Kolor:color:0, Rozmiar:select:1;Szary:0, 43:1;16
65;Kolor:color:0, Rozmiar:select:1;Czarny:0, 39:1;17
65;Kolor:color:0, Rozmiar:select:1;Czarny:0, 40:1;10
65;Kolor:color:0, Rozmiar:select:1;Czarny:0, 41:1;7
65;Kolor:color:0, Rozmiar:select:1;Czarny:0, 42:1;10
65;Kolor:color:0, Rozmiar:select:1;Czarny:0, 43:1;8
66;Kolor:color:0, Rozmiar:select:1;Czerwony:0, 39:1;12
66;Kolor:color:0, Rozmiar:select:1;Czerwony:0, 40:1;20
66;Kolor:color:0, Rozmiar:select:1;Czerwony:0, 41:1;20
66;Kolor:color:0, Rozmiar:select:1;Czerwony:0, 42:1;11
66;Kolor:color:0, Rozmiar:select:1;Czerwony:0, 43:1;4
66;Kolor:color:0, Rozmiar:select:1;Zielony:0, 39:1;19
66;Kolor:color:0, Rozmiar:select:1;Zielony:0, 40:1;8
66;Kolor:color:0, Rozmiar:select:1;Zielony:0, 41:1;1
66;Kolor:color:0, Rozmiar:select:1;Zielony:0, 42:1;17
66;Kolor:color:0, Rozmiar:select:1;Zielony:0, 43:1;9
66;Kolor:color:0, Rozmiar:select:1;Niebieski:0, 39:1;9
66;Kolor:color:0, Rozmiar:select:1;Niebieski:0, 40:1;3
66;Kolor:color:0, Rozmiar:select:1;Niebieski:0, 41:1;7
66;Kolor:color:0, Rozmiar:select:1;Niebieski:0, 42:1;0
66;Kolor:color:0, Rozmiar:select:1;Niebieski:0, 43:1;13
66;Kolor:color:0, Rozmiar:select:1;Szary:0, 39:1;11
66;Kolor:color:0, Rozmiar:select:1;Szary:0, 40:1;4
66;Kolor:color:0, Rozmiar:select:1;Szary:0, 41:1;6
66;Kolor:color:0, Rozmiar:select:1;Szary:0, 42:1;6
66;Kolor:color:0, Rozmiar:select:1;Szary:0, 43:1;6
66;Kolor:color:0, Rozmiar:select:1;Czarny:0, 39:1;17
66;Kolor:color:0, Rozmiar:select:1;Czarny:0, 40:1;8
66;Kolor:color:0, Rozmiar:select:1;Czarny:0, 41:1;4
66;Kolor:color:0, Rozmiar:select:1;Czarny:0, 42:1;11
66;Kolor:color:0, Rozmiar:select:1;Czarny:0, 43:1;4
67;Kolor:color:0, Rozmiar:select:1;Czerwony:0, 39:1;2
67;Kolor:color:0, Rozmiar:select:1;Czerwony:0, 40:1;13
67;Kolor:color:0, Rozmiar:select:1;Czerwony:0, 41:1;5
67;Kolor:color:0, Rozmiar:select:1;Czerwony:0, 42:1;10
67;Kolor:color:0, Rozmiar:select:1;Czerwony:0, 43:1;14
67;Kolor:color:0, Rozmiar:select:1;Zielony:0, 39:1;11
67;Kolor:color:0, Rozmiar:select:1;Zielony:0, 40:1;12
67;Kolor:color:0, Rozmiar:select:1;Zielony:0, 41:1;13
67;Kolor:color:0, Rozmiar:select:1;Zielony:0, 42:1;19
67;Kolor:color:0, Rozmiar:select:1;Zielony:0, 43:1;20
67;Kolor:color:0, Rozmiar:select:1;Niebieski:0, 39:1;1
67;Kolor:color:0, Rozmiar:select:1;Niebieski:0, 40:1;9
67;Kolor:color:0, Rozmiar:select:1;Niebieski:0, 41:1;10
67;Kolor:color:0, Rozmiar:select:1;Niebieski:0, 42:1;19
67;Kolor:color:0, Rozmiar:select:1;Niebieski:0, 43:1;8
67;Kolor:color:0, Rozmiar:select:1;Szary:0, 39:1;14
67;Kolor:color:0, Rozmiar:select:1;Szary:0, 40:1;9
67;Kolor:color:0, Rozmiar:select:1;Szary:0, 41:1;10
67;Kolor:color:0, Rozmiar:select:1;Szary:0, 42:1;5
67;Kolor:color:0, Rozmiar:select:1;Szary:0, 43:1;3
67;Kolor:color:0, Rozmiar:select:1;Czarny:0, 39:1;14
67;Kolor:color:0, Rozmiar:select:1;Czarny:0, 40:1;8
67;Kolor:color:0, Rozmiar:select:1;Czarny:0, 41:1;11
67;Kolor:color:0, Rozmiar:select:1;Czarny:0, 42:1;6
67;Kolor:color:0, Rozmiar:select:1;Czarny:0, 43:1;9
68;Kolor:color:0, Rozmiar:select:1;Czerwony:0, 39:1;10
68;Kolor:color:0, Rozmiar:select:1;Czerwony:0, 40:1;7
68;Kolor:color:0, Rozmiar:select:1;Czerwony:0, 41:1;20
68;Kolor:color:0, Rozmiar:select:1;Czerwony:0, 42:1;4
68;Kolor:color:0, Rozmiar:select:1;Czerwony:0, 43:1;5
68;Kolor:color:0, Rozmiar:select:1;Zielony:0, 39:1;3
68;Kolor:color:0, Rozmiar:select:1;Zielony:0, 40:1;9
68;Kolor:color:0, Rozmiar:select:1;Zielony:0, 41:1;1
68;Kolor:color:0, Rozmiar:select:1;Zielony:0, 42:1;6
68;Kolor:color:0, Rozmiar:select:1;Zielony:0, 43:1;15
68;Kolor:color:0, Rozmiar:select:1;Niebieski:0, 39:1;17
68;Kolor:color:0, Rozmiar:select:1;Niebieski:0, 40:1;18
68;Kolor:color:0, Rozmiar:select:1;Niebieski:0, 41:1;12
68;Kolor:color:0, Rozmiar:select:1;Niebieski:0, 42:1;4
68;Kolor:color:0, Rozmiar:select:1;Niebieski:0, 43:1;8
68;Kolor:color:0, Rozmiar:select:1;Szary:0, 39:1;2
68;Kolor:color:0, Rozmiar:select:1;Szary:0, 40:1;12
68;Kolor:color:0, Rozmiar:select:1;Szary:0, 41:1;9
68;Kolor:color:0, Rozmiar:select:1;Szary:0, 42:1;20
68;Kolor:color:0, Rozmiar:select:1;Szary:0, 43:1;20
68;Kolor:color:0, Rozmiar:select:1;Czarny:0, 39:1;18
68;Kolor:color:0, Rozmiar:select:1;Czarny:0, 40:1;13
68;Kolor:color:0, Rozmiar:select:1;Czarny:0, 41:1;4
68;Kolor:color:0, Rozmiar:select:1;Czarny:0, 42:1;14
68;Kolor:color:0, Rozmiar:select:1;Czarny:0, 43:1;2
77;Kolor:color:0, Rozmiar:select:1;Czerwony:0, 39:1;13
77;Kolor:color:0, Rozmiar:select:1;Czerwony:0, 40:1;16
77;Kolor:color:0, Rozmiar:select:1;Czerwony:0, 41:1;20
77;Kolor:color:0, Rozmiar:select:1;Czerwony:0, 42:1;20
77;Kolor:color:0, Rozmiar:select:1;Czerwony:0, 43:1;15
77;Kolor:color:0, Rozmiar:select:1;Zielony:0, 39:1;20
77;Kolor:color:0, Rozmiar:select:1;Zielony:0, 40:1;6
77;Kolor:color:0, Rozmiar:select:1;Zielony:0, 41:1;12
77;Kolor:color:0, Rozmiar:select:1;Zielony:0, 42:1;7
77;Kolor:color:0, Rozmiar:select:1;Zielony:0, 43:1;10
77;Kolor:color:0, Rozmiar:select:1;Niebieski:0, 39:1;17
77;Kolor:color:0, Rozmiar:select:1;Niebieski:0, 40:1;3
77;Kolor:color:0, Rozmiar:select:1;Niebieski:0, 41:1;10
77;Kolor:color:0, Rozmiar:select:1;Niebieski:0, 42:1;11
77;Kolor:color:0, Rozmiar:select:1;Niebieski:0, 43:1;19
77;Kolor:color:0, Rozmiar:select:1;Szary:0, 39:1;4
77;Kolor:color:0, Rozmiar:select:1;Szary:0, 40:1;20
77;Kolor:color:0, Rozmiar:select:1;Szary:0, 41:1;4
77;Kolor:color:0, Rozmiar:select:1;Szary:0, 42:1;2
77;Kolor:color:0, Rozmiar:select:1;Szary:0, 43:1;9
77;Kolor:color:0, Rozmiar:select:1;Czarny:0, 39:1;20
77;Kolor:color:0, Rozmiar:select:1;Czarny:0, 40:1;2
77;Kolor:color:0, Rozmiar:select:1;Czarny:0, 41:1;19
77;Kolor:color:0, Rozmiar:select:1;Czarny:0, 42:1;14
77;Kolor:color:0, Rozmiar:select:1;Czarny:0, 43:1;16
94;Kolor:color:0, Rozmiar:select:1;Czerwony:0, 39:1;17
94;Kolor:color:0, Rozmiar:select:1;Czerwony:0, 40:1;3
94;Kolor:color:0, Rozmiar:select:1;Czerwony:0, 41:1;18
94;Kolor:color:0, Rozmiar:select:1;Czerwony:0, 42:1;20
94;Kolor:color:0, Rozmiar:select:1;Czerwony:0, 43:1;11
94;Kolor:color:0, Rozmiar:select:1;Zielony:0, 39:1;9
94;Kolor:color:0, Rozmiar:select:1;Zielony:0, 40:1;9
94;Kolor:color:0, Rozmiar:select:1;Zielony:0, 41:1;14
94;Kolor:color:0, Rozmiar:select:1;Zielony:0, 42:1;13
94;Kolor:color:0, Rozmiar:select:1;Zielony:0, 43:1;8
94;Kolor:color:0, Rozmiar:select:1;Niebieski:0, 39:1;4
94;Kolor:color:0, Rozmiar:select:1;Niebieski:0, 40:1;1
94;Kolor:color:0, Rozmiar:select:1;Niebieski:0, 41:1;15
94;Kolor:color:0, Rozmiar:select:1;Niebieski:0, 42:1;20
94;Kolor:color:0, Rozmiar:select:1;Niebieski:0, 43:1;0
94;Kolor:color:0, Rozmiar:select:1;Szary:0, 39:1;1
94;Kolor:color:0, Rozmiar:select:1;Szary:0, 40:1;10
94;Kolor:color:0, Rozmiar:select:1;Szary:0, 41:1;8
94;Kolor:color:0, Rozmiar:select:1;Szary:0, 42:1;4
94;Kolor:color:0, Rozmiar:select:1;Szary:0, 43:1;5
94;Kolor:color:0, Rozmiar:select:1;Czarny:0, 39:1;7
94;Kolor:color:0, Rozmiar:select:1;Czarny:0, 40:1;20
94;Kolor:color:0, Rozmiar:select:1;Czarny:0, 41:1;0
94;Kolor:color:0, Rozmiar:select:1;Czarny:0, 42:1;14
94;Kolor:color:0, Rozmiar:select:1;Czarny:0, 43:1;6
114;Kolor:color:0, Rozmiar:select:1;Czerwony:0, 39:1;4
114;Kolor:color:0, Rozmiar:select:1;Czerwony:0, 40:1;12
114;Kolor:color:0, Rozmiar:select:1;Czerwony:0, 41:1;5
114;Kolor:color:0, Rozmiar:select:1;Czerwony:0, 42:1;16
114;Kolor:color:0, Rozmiar:select:1;Czerwony:0, 43:1;14
114;Kolor:color:0, Rozmiar:select:1;Zielony:0, 39:1;6
114;Kolor:color:0, Rozmiar:select:1;Zielony:0, 40:1;18
114;Kolor:color:0, Rozmiar:select:1;Zielony:0, 41:1;6
114;Kolor:color:0, Rozmiar:select:1;Zielony:0, 42:1;2
114;Kolor:color:0, Rozmiar:select:1;Zielony:0, 43:1;13
114;Kolor:color:0, Rozmiar:select:1;Niebieski:0, 39:1;6
114;Kolor:color:0, Rozmiar:select:1;Niebieski:0, 40:1;15
114;Kolor:color:0, Rozmiar:select:1;Niebieski:0, 41:1;9
114;Kolor:color:0, Rozmiar:select:1;Niebieski:0, 42:1;1
114;Kolor:color:0, Rozmiar:select:1;Niebieski:0, 43:1;1
114;Kolor:color:0, Rozmiar:select:1;Szary:0, 39:1;12
114;Kolor:color:0, Rozmiar:select:1;Szary:0, 40:1;13
114;Kolor:color:0, Rozmiar:select:1;Szary:0, 41:1;0
114;Kolor:color:0, Rozmiar:select:1;Szary:0, 42:1;0
114;Kolor:color:0, Rozmiar:select:1;Szary:0, 43:1;7
114;Kolor:color:0, Rozmiar:select:1;Czarny:0, 39:1;0
114;Kolor:color:0, Rozmiar:select:1;Czarny:0, 40:1;10
114;Kolor:color:0, Rozmiar:select:1;Czarny:0, 41:1;4
114;Kolor:color:0, Rozmiar:select:1;Czarny:0, 42:1;10
114;Kolor:color:0, Rozmiar:select:1;Czarny:0, 43:1;14
115;Kolor:color:0, Rozmiar:select:1;Czerwony:0, 39:1;18
115;Kolor:color:0, Rozmiar:select:1;Czerwony:0, 40:1;3
115;Kolor:color:0, Rozmiar:select:1;Czerwony:0, 41:1;2
115;Kolor:color:0, Rozmiar:select:1;Czerwony:0, 42:1;14
115;Kolor:color:0, Rozmiar:select:1;Czerwony:0, 43:1;15
115;Kolor:color:0, Rozmiar:select:1;Zielony:0, 39:1;16
115;Kolor:color:0, Rozmiar:select:1;Zielony:0, 40:1;8
115;Kolor:color:0, Rozmiar:select:1;Zielony:0, 41:1;14
115;Kolor:color:0, Rozmiar:select:1;Zielony:0, 42:1;20
115;Kolor:color:0, Rozmiar:select:1;Zielony:0, 43:1;11
115;Kolor:color:0, Rozmiar:select:1;Niebieski:0, 39:1;4
115;Kolor:color:0, Rozmiar:select:1;Niebieski:0, 40:1;10
115;Kolor:color:0, Rozmiar:select:1;Niebieski:0, 41:1;1
115;Kolor:color:0, Rozmiar:select:1;Niebieski:0, 42:1;13
115;Kolor:color:0, Rozmiar:select:1;Niebieski:0, 43:1;13
115;Kolor:color:0, Rozmiar:select:1;Szary:0, 39:1;13
115;Kolor:color:0, Rozmiar:select:1;Szary:0, 40:1;6
115;Kolor:color:0, Rozmiar:select:1;Szary:0, 41:1;15
115;Kolor:color:0, Rozmiar:select:1;Szary:0, 42:1;7
115;Kolor:color:0, Rozmiar:select:1;Szary:0, 43:1;15
115;Kolor:color:0, Rozmiar:select:1;Czarny:0, 39:1;9
115;Kolor:color:0, Rozmiar:select:1;Czarny:0, 40:1;6
115;Kolor:color:0, Rozmiar:select:1;Czarny:0, 41:1;12
115;Kolor:color:0, Rozmiar:select:1;Czarny:0, 42:1;3
115;Kolor:color:0, Rozmiar:select:1;Czarny:0, 43:1;19
116;Kolor:color:0, Rozmiar:select:1;Czerwony:0, 39:1;11
116;Kolor:color:0, Rozmiar:select:1;Czerwony:0, 40:1;10
116;Kolor:color:0, Rozmiar:select:1;Czerwony:0, 41:1;7
116;Kolor:color:0, Rozmiar:select:1;Czerwony:0, 42:1;1
116;Kolor:color:0, Rozmiar:select:1;Czerwony:0, 43:1;7
116;Kolor:color:0, Rozmiar:select:1;Zielony:0, 39:1;19
116;Kolor:color:0, Rozmiar:select:1;Zielony:0, 40:1;17
116;Kolor:color:0, Rozmiar:select:1;Zielony:0, 41:1;2
116;Kolor:color:0, Rozmiar:select:1;Zielony:0, 42:1;16
116;Kolor:color:0, Rozmiar:select:1;Zielony:0, 43:1;4
116;Kolor:color:0, Rozmiar:select:1;Niebieski:0, 39:1;10
116;Kolor:color:0, Rozmiar:select:1;Niebieski:0, 40:1;16
116;Kolor:color:0, Rozmiar:select:1;Niebieski:0, 41:1;0
116;Kolor:color:0, Rozmiar:select:1;Niebieski:0, 42:1;20
116;Kolor:color:0, Rozmiar:select:1;Niebieski:0, 43:1;10
116;Kolor:color:0, Rozmiar:select:1;Szary:0, 39:1;18
116;Kolor:color:0, Rozmiar:select:1;Szary:0, 40:1;13
116;Kolor:color:0, Rozmiar:select:1;Szary:0, 41:1;1
116;Kolor:color:0, Rozmiar:select:1;Szary:0, 42:1;7
116;Kolor:color:0, Rozmiar:select:1;Szary:0, 43:1;12
116;Kolor:color:0, Rozmiar:select:1;Czarny:0, 39:1;7
116;Kolor:color:0, Rozmiar:select:1;Czarny:0, 40:1;3
116;Kolor:color:0, Rozmiar:select:1;Czarny:0, 41:1;3
116;Kolor:color:0, Rozmiar:select:1;Czarny:0, 42:1;14
116;Kolor:color:0, Rozmiar:select:1;Czarny:0, 43:1;19
117;Kolor:color:0, Rozmiar:select:1;Czerwony:0, 39:1;17
117;Kolor:color:0, Rozmiar:select:1;Czerwony:0, 40:1;0
117;Kolor:color:0, Rozmiar:select:1;Czerwony:0, 41:1;14
117;Kolor:color:0, Rozmiar:select:1;Czerwony:0, 42:1;11
117;Kolor:color:0, Rozmiar:select:1;Czerwony:0, 43:1;13
117;Kolor:color:0, Rozmiar:select:1;Zielony:0, 39:1;2
117;Kolor:color:0, Rozmiar:select:1;Zielony:0, 40:1;5
117;Kolor:color:0, Rozmiar:select:1;Zielony:0, 41:1;1
117;Kolor:color:0, Rozmiar:select:1;Zielony:0, 42:1;6
117;Kolor:color:0, Rozmiar:select:1;Zielony:0, 43:1;7
117;Kolor:color:0, Rozmiar:select:1;Niebieski:0, 39:1;19
117;Kolor:color:0, Rozmiar:select:1;Niebieski:0, 40:1;14
117;Kolor:color:0, Rozmiar:select:1;Niebieski:0, 41:1;18
117;Kolor:color:0, Rozmiar:select:1;Niebieski:0, 42:1;7
117;Kolor:color:0, Rozmiar:select:1;Niebieski:0, 43:1;0
117;Kolor:color:0, Rozmiar:select:1;Szary:0, 39:1;16
117;Kolor:color:0, Rozmiar:select:1;Szary:0, 40:1;13
117;Kolor:color:0, Rozmiar:select:1;Szary:0, 41:1;13
117;Kolor:color:0, Rozmiar:select:1;Szary:0, 42:1;0
117;Kolor:color:0, Rozmiar:select:1;Szary:0, 43:1;14
117;Kolor:color:0, Rozmiar:select:1;Czarny:0, 39:1;4
117;Kolor:color:0, Rozmiar:select:1;Czarny:0, 40:1;6
117;Kolor:color:0, Rozmiar:select:1;Czarny:0, 41:1;11
117;Kolor:color:0, Rozmiar:select:1;Czarny:0, 42:1;3
117;Kolor:color:0, Rozmiar:select:1;Czarny:0, 43:1;3
131;Kolor:color:0, Rozmiar:select:1;Czerwony:0, 39:1;4
131;Kolor:color:0, Rozmiar:select:1;Czerwony:0, 40:1;13
131;Kolor:color:0, Rozmiar:select:1;Czerwony:0, 41:1;1
131;Kolor:color:0, Rozmiar:select:1;Czerwony:0, 42:1;14
131;Kolor:color:0, Rozmiar:select:1;Czerwony:0, 43:1;16
131;Kolor:color:0, Rozmiar:select:1;Zielony:0, 39:1;11
131;Kolor:color:0, Rozmiar:select:1;Zielony:0, 40:1;20
131;Kolor:color:0, Rozmiar:select:1;Zielony:0, 41:1;18
131;Kolor:color:0, Rozmiar:select:1;Zielony:0, 42:1;10
131;Kolor:color:0, Rozmiar:select:1;Zielony:0, 43:1;12
131;Kolor:color:0, Rozmiar:select:1;Niebieski:0, 39:1;17
131;Kolor:color:0, Rozmiar:select:1;Niebieski:0, 40:1;0
131;Kolor:color:0, Rozmiar:select:1;Niebieski:0, 41:1;4
131;Kolor:color:0, Rozmiar:select:1;Niebieski:0, 42:1;20
131;Kolor:color:0, Rozmiar:select:1;Niebieski:0, 43:1;12
131;Kolor:color:0, Rozmiar:select:1;Szary:0, 39:1;4
131;Kolor:color:0, Rozmiar:select:1;Szary:0, 40:1;2
131;Kolor:color:0, Rozmiar:select:1;Szary:0, 41:1;15
131;Kolor:color:0, Rozmiar:select:1;Szary:0, 42:1;19
131;Kolor:color:0, Rozmiar:select:1;Szary:0, 43:1;12
131;Kolor:color:0, Rozmiar:select:1;Czarny:0, 39:1;16
131;Kolor:color:0, Rozmiar:select:1;Czarny:0, 40:1;7
131;Kolor:color:0, Rozmiar:select:1;Czarny:0, 41:1;12
131;Kolor:color:0, Rozmiar:select:1;Czarny:0, 42:1;3
131;Kolor:color:0, Rozmiar:select:1;Czarny:0, 43:1;7
132;Kolor:color:0, Rozmiar:select:1;Czerwony:0, 39:1;18
132;Kolor:color:0, Rozmiar:select:1;Czerwony:0, 40:1;5
132;Kolor:color:0, Rozmiar:select:1;Czerwony:0, 41:1;13
132;Kolor:color:0, Rozmiar:select:1;Czerwony:0, 42:1;1
132;Kolor:color:0, Rozmiar:select:1;Czerwony:0, 43:1;16
132;Kolor:color:0, Rozmiar:select:1;Zielony:0, 39:1;14
132;Kolor:color:0, Rozmiar:select:1;Zielony:0, 40:1;7
132;Kolor:color:0, Rozmiar:select:1;Zielony:0, 41:1;4
132;Kolor:color:0, Rozmiar:select:1;Zielony:0, 42:1;12
132;Kolor:color:0, Rozmiar:select:1;Zielony:0, 43:1;11
132;Kolor:color:0, Rozmiar:select:1;Niebieski:0, 39:1;18
132;Kolor:color:0, Rozmiar:select:1;Niebieski:0, 40:1;19
132;Kolor:color:0, Rozmiar:select:1;Niebieski:0, 41:1;12
132;Kolor:color:0, Rozmiar:select:1;Niebieski:0, 42:1;0
132;Kolor:color:0, Rozmiar:select:1;Niebieski:0, 43:1;4
132;Kolor:color:0, Rozmiar:select:1;Szary:0, 39:1;3
132;Kolor:color:0, Rozmiar:select:1;Szary:0, 40:1;19
132;Kolor:color:0, Rozmiar:select:1;Szary:0, 41:1;4
132;Kolor:color:0, Rozmiar:select:1;Szary:0, 42:1;0
132;Kolor:color:0, Rozmiar:select:1;Szary:0, 43:1;20
132;Kolor:color:0, Rozmiar:select:1;Czarny:0, 39:1;17
132;Kolor:color:0, Rozmiar:select:1;Czarny:0, 40:1;17
132;Kolor:color:0, Rozmiar:select:1;Czarny:0, 41:1;17
132;Kolor:color:0, Rozmiar:select:1;Czarny:0, 42:1;1
132;Kolor:color:0, Rozmiar:select:1;Czarny:0, 43:1;8
133;Kolor:color:0, Rozmiar:select:1;Czerwony:0, 39:1;9
133;Kolor:color:0, Rozmiar:select:1;Czerwony:0, 40:1;18
133;Kolor:color:0, Rozmiar:select:1;Czerwony:0, 41:1;16
133;Kolor:color:0, Rozmiar:select:1;Czerwony:0, 42:1;16
133;Kolor:color:0, Rozmiar:select:1;Czerwony:0, 43:1;5
133;Kolor:color:0, Rozmiar:select:1;Zielony:0, 39:1;0
133;Kolor:color:0, Rozmiar:select:1;Zielony:0, 40:1;2
133;Kolor:color:0, Rozmiar:select:1;Zielony:0, 41:1;9
133;Kolor:color:0, Rozmiar:select:1;Zielony:0, 42:1;14
133;Kolor:color:0, Rozmiar:select:1;Zielony:0, 43:1;2
133;Kolor:color:0, Rozmiar:select:1;Niebieski:0, 39:1;8
133;Kolor:color:0, Rozmiar:select:1;Niebieski:0, 40:1;14
133;Kolor:color:0, Rozmiar:select:1;Niebieski:0, 41:1;15
133;Kolor:color:0, Rozmiar:select:1;Niebieski:0, 42:1;2
133;Kolor:color:0, Rozmiar:select:1;Niebieski:0, 43:1;6
133;Kolor:color:0, Rozmiar:select:1;Szary:0, 39:1;18
133;Kolor:color:0, Rozmiar:select:1;Szary:0, 40:1;3
133;Kolor:color:0, Rozmiar:select:1;Szary:0, 41:1;6
133;Kolor:color:0, Rozmiar:select:1;Szary:0, 42:1;0
133;Kolor:color:0, Rozmiar:select:1;Szary:0, 43:1;10
133;Kolor:color:0, Rozmiar:select:1;Czarny:0, 39:1;20
133;Kolor:color:0, Rozmiar:select:1;Czarny:0, 40:1;10
133;Kolor:color:0, Rozmiar:select:1;Czarny:0, 41:1;6
133;Kolor:color:0, Rozmiar:select:1;Czarny:0, 42:1;8
133;Kolor:color:0, Rozmiar:select:1;Czarny:0, 43:1;18
134;Kolor:color:0, Rozmiar:select:1;Czerwony:0, 39:1;20
134;Kolor:color:0, Rozmiar:select:1;Czerwony:0, 40:1;20
134;Kolor:color:0, Rozmiar:select:1;Czerwony:0, 41:1;18
134;Kolor:color:0, Rozmiar:select:1;Czerwony:0, 42:1;9
134;Kolor:color:0, Rozmiar:select:1;Czerwony:0, 43:1;9
134;Kolor:color:0, Rozmiar:select:1;Zielony:0, 39:1;16
134;Kolor:color:0, Rozmiar:select:1;Zielony:0, 40:1;9
134;Kolor:color:0, Rozmiar:select:1;Zielony:0, 41:1;17
134;Kolor:color:0, Rozmiar:select:1;Zielony:0, 42:1;17
134;Kolor:color:0, Rozmiar:select:1;Zielony:0, 43:1;15
134;Kolor:color:0, Rozmiar:select:1;Niebieski:0, 39:1;14
134;Kolor:color:0, Rozmiar:select:1;Niebieski:0, 40:1;13
134;Kolor:color:0, Rozmiar:select:1;Niebieski:0, 41:1;8
134;Kolor:color:0, Rozmiar:select:1;Niebieski:0, 42:1;6
134;Kolor:color:0, Rozmiar:select:1;Niebieski:0, 43:1;2
134;Kolor:color:0, Rozmiar:select:1;Szary:0, 39:1;0
134;Kolor:color:0, Rozmiar:select:1;Szary:0, 40:1;8
134;Kolor:color:0, Rozmiar:select:1;Szary:0, 41:1;17
134;Kolor:color:0, Rozmiar:select:1;Szary:0, 42:1;3
134;Kolor:color:0, Rozmiar:select:1;Szary:0, 43:1;2
134;Kolor:color:0, Rozmiar:select:1;Czarny:0, 39:1;14
134;Kolor:color:0, Rozmiar:select:1;Czarny:0, 40:1;20
134;Kolor:color:0, Rozmiar:select:1;Czarny:0, 41:1;7
134;Kolor:color:0, Rozmiar:select:1;Czarny:0, 42:1;11
134;Kolor:color:0, Rozmiar:select:1;Czarny:0, 43:1;20
135;Kolor:color:0, Rozmiar:select:1;Czerwony:0, 39:1;19
135;Kolor:color:0, Rozmiar:select:1;Czerwony:0, 40:1;17
135;Kolor:color:0, Rozmiar:select:1;Czerwony:0, 41:1;19
135;Kolor:color:0, Rozmiar:select:1;Czerwony:0, 42:1;10
135;Kolor:color:0, Rozmiar:select:1;Czerwony:0, 43:1;3
135;Kolor:color:0, Rozmiar:select:1;Zielony:0, 39:1;5
135;Kolor:color:0, Rozmiar:select:1;Zielony:0, 40:1;16
135;Kolor:color:0, Rozmiar:select:1;Zielony:0, 41:1;3
135;Kolor:color:0, Rozmiar:select:1;Zielony:0, 42:1;1
135;Kolor:color:0, Rozmiar:select:1;Zielony:0, 43:1;9
135;Kolor:color:0, Rozmiar:select:1;Niebieski:0, 39:1;12
135;Kolor:color:0, Rozmiar:select:1;Niebieski:0, 40:1;9
135;Kolor:color:0, Rozmiar:select:1;Niebieski:0, 41:1;16
135;Kolor:color:0, Rozmiar:select:1;Niebieski:0, 42:1;12
135;Kolor:color:0, Rozmiar:select:1;Niebieski:0, 43:1;12
135;Kolor:color:0, Rozmiar:select:1;Szary:0, 39:1;6
135;Kolor:color:0, Rozmiar:select:1;Szary:0, 40:1;15
135;Kolor:color:0, Rozmiar:select:1;Szary:0, 41:1;17
135;Kolor:color:0, Rozmiar:select:1;Szary:0, 42:1;2
135;Kolor:color:0, Rozmiar:select:1;Szary:0, 43:1;15
135;Kolor:color:0, Rozmiar:select:1;Czarny:0, 39:1;19
135;Kolor:color:0, Rozmiar:select:1;Czarny:0, 40:1;2
135;Kolor:color:0, Rozmiar:select:1;Czarny:0, 41:1;10
135;Kolor:color:0, Rozmiar:select:1;Czarny:0, 42:1;9
135;Kolor:color:0, Rozmiar:select:1;Czarny:0, 43:1;3
136;Kolor:color:0, Rozmiar:select:1;Czerwony:0, 39:1;12
136;Kolor:color:0, Rozmiar:select:1;Czerwony:0, 40:1;10
136;Kolor:color:0, Rozmiar:select:1;Czerwony:0, 41:1;4
136;Kolor:color:0, Rozmiar:select:1;Czerwony:0, 42:1;18
136;Kolor:color:0, Rozmiar:select:1;Czerwony:0, 43:1;10
136;Kolor:color:0, Rozmiar:select:1;Zielony:0, 39:1;16
136;Kolor:color:0, Rozmiar:select:1;Zielony:0, 40:1;4
136;Kolor:color:0, Rozmiar:select:1;Zielony:0, 41:1;18
136;Kolor:color:0, Rozmiar:select:1;Zielony:0, 42:1;16
136;Kolor:color:0, Rozmiar:select:1;Zielony:0, 43:1;12
136;Kolor:color:0, Rozmiar:select:1;Niebieski:0, 39:1;16
136;Kolor:color:0, Rozmiar:select:1;Niebieski:0, 40:1;1
136;Kolor:color:0, Rozmiar:select:1;Niebieski:0, 41:1;0
136;Kolor:color:0, Rozmiar:select:1;Niebieski:0, 42:1;19
136;Kolor:color:0, Rozmiar:select:1;Niebieski:0, 43:1;17
136;Kolor:color:0, Rozmiar:select:1;Szary:0, 39:1;2
136;Kolor:color:0, Rozmiar:select:1;Szary:0, 40:1;11
136;Kolor:color:0, Rozmiar:select:1;Szary:0, 41:1;4
136;Kolor:color:0, Rozmiar:select:1;Szary:0, 42:1;15
136;Kolor:color:0, Rozmiar:select:1;Szary:0, 43:1;8
136;Kolor:color:0, Rozmiar:select:1;Czarny:0, 39:1;19
136;Kolor:color:0, Rozmiar:select:1;Czarny:0, 40:1;14
136;Kolor:color:0, Rozmiar:select:1;Czarny:0, 41:1;5
136;Kolor:color:0, Rozmiar:select:1;Czarny:0, 42:1;8
136;Kolor:color:0, Rozmiar:select:1;Czarny:0, 43:1;15
137;Kolor:color:0, Rozmiar:select:1;Czerwony:0, 39:1;0
137;Kolor:color:0, Rozmiar:select:1;Czerwony:0, 40:1;0
137;Kolor:color:0, Rozmiar:select:1;Czerwony:0, 41:1;11
137;Kolor:color:0, Rozmiar:select:1;Czerwony:0, 42:1;16
137;Kolor:color:0, Rozmiar:select:1;Czerwony:0, 43:1;2
137;Kolor:color:0, Rozmiar:select:1;Zielony:0, 39:1;0
137;Kolor:color:0, Rozmiar:select:1;Zielony:0, 40:1;4
137;Kolor:color:0, Rozmiar:select:1;Zielony:0, 41:1;9
137;Kolor:color:0, Rozmiar:select:1;Zielony:0, 42:1;18
137;Kolor:color:0, Rozmiar:select:1;Zielony:0, 43:1;8
137;Kolor:color:0, Rozmiar:select:1;Niebieski:0, 39:1;20
137;Kolor:color:0, Rozmiar:select:1;Niebieski:0, 40:1;12
137;Kolor:color:0, Rozmiar:select:1;Niebieski:0, 41:1;11
137;Kolor:color:0, Rozmiar:select:1;Niebieski:0, 42:1;13
137;Kolor:color:0, Rozmiar:select:1;Niebieski:0, 43:1;18
137;Kolor:color:0, Rozmiar:select:1;Szary:0, 39:1;13
137;Kolor:color:0, Rozmiar:select:1;Szary:0, 40:1;8
137;Kolor:color:0, Rozmiar:select:1;Szary:0, 41:1;8
137;Kolor:color:0, Rozmiar:select:1;Szary:0, 42:1;6
137;Kolor:color:0, Rozmiar:select:1;Szary:0, 43:1;7
137;Kolor:color:0, Rozmiar:select:1;Czarny:0, 39:1;14
137;Kolor:color:0, Rozmiar:select:1;Czarny:0, 40:1;13
137;Kolor:color:0, Rozmiar:select:1;Czarny:0, 41:1;11
137;Kolor:color:0, Rozmiar:select:1;Czarny:0, 42:1;8
137;Kolor:color:0, Rozmiar:select:1;Czarny:0, 43:1;0
138;Kolor:color:0, Rozmiar:select:1;Czerwony:0, 39:1;9
138;Kolor:color:0, Rozmiar:select:1;Czerwony:0, 40:1;10
138;Kolor:color:0, Rozmiar:select:1;Czerwony:0, 41:1;8
138;Kolor:color:0, Rozmiar:select:1;Czerwony:0, 42:1;11
138;Kolor:color:0, Rozmiar:select:1;Czerwony:0, 43:1;7
138;Kolor:color:0, Rozmiar:select:1;Zielony:0, 39:1;20
138;Kolor:color:0, Rozmiar:select:1;Zielony:0, 40:1;12
138;Kolor:color:0, Rozmiar:select:1;Zielony:0, 41:1;6
138;Kolor:color:0, Rozmiar:select:1;Zielony:0, 42:1;11
138;Kolor:color:0, Rozmiar:select:1;Zielony:0, 43:1;17
138;Kolor:color:0, Rozmiar:select:1;Niebieski:0, 39:1;5
138;Kolor:color:0, Rozmiar:select:1;Niebieski:0, 40:1;12
138;Kolor:color:0, Rozmiar:select:1;Niebieski:0, 41:1;16
138;Kolor:color:0, Rozmiar:select:1;Niebieski:0, 42:1;20
138;Kolor:color:0, Rozmiar:select:1;Niebieski:0, 43:1;1
138;Kolor:color:0, Rozmiar:select:1;Szary:0, 39:1;8
138;Kolor:color:0, Rozmiar:select:1;Szary:0, 40:1;16
138;Kolor:color:0, Rozmiar:select:1;Szary:0, 41:1;5
138;Kolor:color:0, Rozmiar:select:1;Szary:0, 42:1;14
138;Kolor:color:0, Rozmiar:select:1;Szary:0, 43:1;10
138;Kolor:color:0, Rozmiar:select:1;Czarny:0, 39:1;5
138;Kolor:color:0, Rozmiar:select:1;Czarny:0, 40:1;19
138;Kolor:color:0, Rozmiar:select:1;Czarny:0, 41:1;4
138;Kolor:color:0, Rozmiar:select:1;Czarny:0, 42:1;9
138;Kolor:color:0, Rozmiar:select:1;Czarny:0, 43:1;5
139;Kolor:color:0, Rozmiar:select:1;Czerwony:0, 39:1;12
139;Kolor:color:0, Rozmiar:select:1;Czerwony:0, 40:1;10
139;Kolor:color:0, Rozmiar:select:1;Czerwony:0, 41:1;16
139;Kolor:color:0, Rozmiar:select:1;Czerwony:0, 42:1;2
139;Kolor:color:0, Rozmiar:select:1;Czerwony:0, 43:1;6
139;Kolor:color:0, Rozmiar:select:1;Zielony:0, 39:1;4
139;Kolor:color:0, Rozmiar:select:1;Zielony:0, 40:1;14
139;Kolor:color:0, Rozmiar:select:1;Zielony:0, 41:1;19
139;Kolor:color:0, Rozmiar:select:1;Zielony:0, 42:1;17
139;Kolor:color:0, Rozmiar:select:1;Zielony:0, 43:1;11
139;Kolor:color:0, Rozmiar:select:1;Niebieski:0, 39:1;5
139;Kolor:color:0, Rozmiar:select:1;Niebieski:0, 40:1;13
139;Kolor:color:0, Rozmiar:select:1;Niebieski:0, 41:1;17
139;Kolor:color:0, Rozmiar:select:1;Niebieski:0, 42:1;7
139;Kolor:color:0, Rozmiar:select:1;Niebieski:0, 43:1;6
139;Kolor:color:0, Rozmiar:select:1;Szary:0, 39:1;13
139;Kolor:color:0, Rozmiar:select:1;Szary:0, 40:1;14
139;Kolor:color:0, Rozmiar:select:1;Szary:0, 41:1;3
139;Kolor:color:0, Rozmiar:select:1;Szary:0, 42:1;18
139;Kolor:color:0, Rozmiar:select:1;Szary:0, 43:1;13
139;Kolor:color:0, Rozmiar:select:1;Czarny:0, 39:1;18
139;Kolor:color:0, Rozmiar:select:1;Czarny:0, 40:1;14
139;Kolor:color:0, Rozmiar:select:1;Czarny:0, 41:1;2
139;Kolor:color:0, Rozmiar:select:1;Czarny:0, 42:1;19
139;Kolor:color:0, Rozmiar:select:1;Czarny:0, 43:1;11
140;Kolor:color:0, Rozmiar:select:1;Czerwony:0, 39:1;3
140;Kolor:color:0, Rozmiar:select:1;Czerwony:0, 40:1;6
140;Kolor:color:0, Rozmiar:select:1;Czerwony:0, 41:1;12
140;Kolor:color:0, Rozmiar:select:1;Czerwony:0, 42:1;3
140;Kolor:color:0, Rozmiar:select:1;Czerwony:0, 43:1;8
140;Kolor:color:0, Rozmiar:select:1;Zielony:0, 39:1;4
140;Kolor:color:0, Rozmiar:select:1;Zielony:0, 40:1;11
140;Kolor:color:0, Rozmiar:select:1;Zielony:0, 41:1;9
140;Kolor:color:0, Rozmiar:select:1;Zielony:0, 42:1;8
140;Kolor:color:0, Rozmiar:select:1;Zielony:0, 43:1;3
140;Kolor:color:0, Rozmiar:select:1;Niebieski:0, 39:1;4
140;Kolor:color:0, Rozmiar:select:1;Niebieski:0, 40:1;2
140;Kolor:color:0, Rozmiar:select:1;Niebieski:0, 41:1;1
140;Kolor:color:0, Rozmiar:select:1;Niebieski:0, 42:1;9
140;Kolor:color:0, Rozmiar:select:1;Niebieski:0, 43:1;4
140;Kolor:color:0, Rozmiar:select:1;Szary:0, 39:1;14
140;Kolor:color:0, Rozmiar:select:1;Szary:0, 40:1;3
140;Kolor:color:0, Rozmiar:select:1;Szary:0, 41:1;6
140;Kolor:color:0, Rozmiar:select:1;Szary:0, 42:1;5
140;Kolor:color:0, Rozmiar:select:1;Szary:0, 43:1;9
140;Kolor:color:0, Rozmiar:select:1;Czarny:0, 39:1;10
140;Kolor:color:0, Rozmiar:select:1;Czarny:0, 40:1;11
140;Kolor:color:0, Rozmiar:select:1;Czarny:0, 41:1;11
140;Kolor:color:0, Rozmiar:select:1;Czarny:0, 42:1;20
140;Kolor:color:0, Rozmiar:select:1;Czarny:0, 43:1;5
232;Kolor:color:0, Rozmiar:select:1;Czerwony:0, 39:1;20
232;Kolor:color:0, Rozmiar:select:1;Czerwony:0, 40:1;1
232;Kolor:color:0, Rozmiar:select:1;Czerwony:0, 41:1;10
232;Kolor:color:0, Rozmiar:select:1;Czerwony:0, 42:1;7
232;Kolor:color:0, Rozmiar:select:1;Czerwony:0, 43:1;19
232;Kolor:color:0, Rozmiar:select:1;Zielony:0, 39:1;10
232;Kolor:color:0, Rozmiar:select:1;Zielony:0, 40:1;17
232;Kolor:color:0, Rozmiar:select:1;Zielony:0, 41:1;8
232;Kolor:color:0, Rozmiar:select:1;Zielony:0, 42:1;6
232;Kolor:color:0, Rozmiar:select:1;Zielony:0, 43:1;14
232;Kolor:color:0, Rozmiar:select:1;Niebieski:0, 39:1;13
232;Kolor:color:0, Rozmiar:select:1;Niebieski:0, 40:1;8
232;Kolor:color:0, Rozmiar:select:1;Niebieski:0, 41:1;12
232;Kolor:color:0, Rozmiar:select:1;Niebieski:0, 42:1;17
232;Kolor:color:0, Rozmiar:select:1;Niebieski:0, 43:1;12
232;Kolor:color:0, Rozmiar:select:1;Szary:0, 39:1;0
232;Kolor:color:0, Rozmiar:select:1;Szary:0, 40:1;9
232;Kolor:color:0, Rozmiar:select:1;Szary:0, 41:1;7
232;Kolor:color:0, Rozmiar:select:1;Szary:0, 42:1;5
232;Kolor:color:0, Rozmiar:select:1;Szary:0, 43:1;12
232;Kolor:color:0, Rozmiar:select:1;Czarny:0, 39:1;4
232;Kolor:color:0, Rozmiar:select:1;Czarny:0, 40:1;7
232;Kolor:color:0, Rozmiar:select:1;Czarny:0, 41:1;4
232;Kolor:color:0, Rozmiar:select:1;Czarny:0, 42:1;10
232;Kolor:color:0, Rozmiar:select:1;Czarny:0, 43:1;18
9;Kolor:color:0, Rozmiar:select:1;Czerwony:0, 39:1;4
9;Kolor:color:0, Rozmiar:select:1;Czerwony:0, 40:1;14
9;Kolor:color:0, Rozmiar:select:1;Czerwony:0, 41:1;0
9;Kolor:color:0, Rozmiar:select:1;Czerwony:0, 42:1;16
9;Kolor:color:0, Rozmiar:select:1;Czerwony:0, 43:1;9
9;Kolor:color:0, Rozmiar:select:1;Zielony:0, 39:1;1
9;Kolor:color:0, Rozmiar:select:1;Zielony:0, 40:1;14
9;Kolor:color:0, Rozmiar:select:1;Zielony:0, 41:1;7
9;Kolor:color:0, Rozmiar:select:1;Zielony:0, 42:1;1
9;Kolor:color:0, Rozmiar:select:1;Zielony:0, 43:1;7
9;Kolor:color:0, Rozmiar:select:1;Niebieski:0, 39:1;18
9;Kolor:color:0, Rozmiar:select:1;Niebieski:0, 40:1;17
9;Kolor:color:0, Rozmiar:select:1;Niebieski:0, 41:1;4
9;Kolor:color:0, Rozmiar:select:1;Niebieski:0, 42:1;2
9;Kolor:color:0, Rozmiar:select:1;Niebieski:0, 43:1;14
9;Kolor:color:0, Rozmiar:select:1;Szary:0, 39:1;15
9;Kolor:color:0, Rozmiar:select:1;Szary:0, 40:1;12
9;Kolor:color:0, Rozmiar:select:1;Szary:0, 41:1;14
9;Kolor:color:0, Rozmiar:select:1;Szary:0, 42:1;4
9;Kolor:color:0, Rozmiar:select:1;Szary:0, 43:1;6
9;Kolor:color:0, Rozmiar:select:1;Czarny:0, 39:1;17
9;Kolor:color:0, Rozmiar:select:1;Czarny:0, 40:1;2
9;Kolor:color:0, Rozmiar:select:1;Czarny:0, 41:1;5
9;Kolor:color:0, Rozmiar:select:1;Czarny:0, 42:1;13
9;Kolor:color:0, Rozmiar:select:1;Czarny:0, 43:1;5
22;Kolor:color:0, Rozmiar:select:1;Czerwony:0, 39:1;10
22;Kolor:color:0, Rozmiar:select:1;Czerwony:0, 40:1;1
22;Kolor:color:0, Rozmiar:select:1;Czerwony:0, 41:1;3
22;Kolor:color:0, Rozmiar:select:1;Czerwony:0, 42:1;15
22;Kolor:color:0, Rozmiar:select:1;Czerwony:0, 43:1;1
22;Kolor:color:0, Rozmiar:select:1;Zielony:0, 39:1;18
22;Kolor:color:0, Rozmiar:select:1;Zielony:0, 40:1;14
22;Kolor:color:0, Rozmiar:select:1;Zielony:0, 41:1;20
22;Kolor:color:0, Rozmiar:select:1;Zielony:0, 42:1;13
22;Kolor:color:0, Rozmiar:select:1;Zielony:0, 43:1;17
22;Kolor:color:0, Rozmiar:select:1;Niebieski:0, 39:1;5
22;Kolor:color:0, Rozmiar:select:1;Niebieski:0, 40:1;4
22;Kolor:color:0, Rozmiar:select:1;Niebieski:0, 41:1;2
22;Kolor:color:0, Rozmiar:select:1;Niebieski:0, 42:1;16
22;Kolor:color:0, Rozmiar:select:1;Niebieski:0, 43:1;14
22;Kolor:color:0, Rozmiar:select:1;Szary:0, 39:1;18
22;Kolor:color:0, Rozmiar:select:1;Szary:0, 40:1;10
22;Kolor:color:0, Rozmiar:select:1;Szary:0, 41:1;18
22;Kolor:color:0, Rozmiar:select:1;Szary:0, 42:1;5
22;Kolor:color:0, Rozmiar:select:1;Szary:0, 43:1;3
22;Kolor:color:0, Rozmiar:select:1;Czarny:0, 39:1;15
22;Kolor:color:0, Rozmiar:select:1;Czarny:0, 40:1;19
22;Kolor:color:0, Rozmiar:select:1;Czarny:0, 41:1;6
22;Kolor:color:0, Rozmiar:select:1;Czarny:0, 42:1;20
22;Kolor:color:0, Rozmiar:select:1;Czarny:0, 43:1;19
23;Kolor:color:0, Rozmiar:select:1;Czerwony:0, 39:1;3
23;Kolor:color:0, Rozmiar:select:1;Czerwony:0, 40:1;3
23;Kolor:color:0, Rozmiar:select:1;Czerwony:0, 41:1;0
23;Kolor:color:0, Rozmiar:select:1;Czerwony:0, 42:1;14
23;Kolor:color:0, Rozmiar:select:1;Czerwony:0, 43:1;14
23;Kolor:color:0, Rozmiar:select:1;Zielony:0, 39:1;4
23;Kolor:color:0, Rozmiar:select:1;Zielony:0, 40:1;0
23;Kolor:color:0, Rozmiar:select:1;Zielony:0, 41:1;8
23;Kolor:color:0, Rozmiar:select:1;Zielony:0, 42:1;3
23;Kolor:color:0, Rozmiar:select:1;Zielony:0, 43:1;16
23;Kolor:color:0, Rozmiar:select:1;Niebieski:0, 39:1;17
23;Kolor:color:0, Rozmiar:select:1;Niebieski:0, 40:1;20
23;Kolor:color:0, Rozmiar:select:1;Niebieski:0, 41:1;12
23;Kolor:color:0, Rozmiar:select:1;Niebieski:0, 42:1;7
23;Kolor:color:0, Rozmiar:select:1;Niebieski:0, 43:1;5
23;Kolor:color:0, Rozmiar:select:1;Szary:0, 39:1;16
23;Kolor:color:0, Rozmiar:select:1;Szary:0, 40:1;6
23;Kolor:color:0, Rozmiar:select:1;Szary:0, 41:1;17
23;Kolor:color:0, Rozmiar:select:1;Szary:0, 42:1;1
23;Kolor:color:0, Rozmiar:select:1;Szary:0, 43:1;19
23;Kolor:color:0, Rozmiar:select:1;Czarny:0, 39:1;17
23;Kolor:color:0, Rozmiar:select:1;Czarny:0, 40:1;9
23;Kolor:color:0, Rozmiar:select:1;Czarny:0, 41:1;18
23;Kolor:color:0, Rozmiar:select:1;Czarny:0, 42:1;20
23;Kolor:color:0, Rozmiar:select:1;Czarny:0, 43:1;13
24;Kolor:color:0, Rozmiar:select:1;Czerwony:0, 39:1;8
24;Kolor:color:0, Rozmiar:select:1;Czerwony:0, 40:1;0
24;Kolor:color:0, Rozmiar:select:1;Czerwony:0, 41:1;15
24;Kolor:color:0, Rozmiar:select:1;Czerwony:0, 42:1;15
24;Kolor:color:0, Rozmiar:select:1;Czerwony:0, 43:1;6
24;Kolor:color:0, Rozmiar:select:1;Zielony:0, 39:1;7
24;Kolor:color:0, Rozmiar:select:1;Zielony:0, 40:1;8
24;Kolor:color:0, Rozmiar:select:1;Zielony:0, 41:1;5
24;Kolor:color:0, Rozmiar:select:1;Zielony:0, 42:1;14
24;Kolor:color:0, Rozmiar:select:1;Zielony:0, 43:1;4
24;Kolor:color:0, Rozmiar:select:1;Niebieski:0, 39:1;5
24;Kolor:color:0, Rozmiar:select:1;Niebieski:0, 40:1;2
24;Kolor:color:0, Rozmiar:select:1;Niebieski:0, 41:1;5
24;Kolor:color:0, Rozmiar:select:1;Niebieski:0, 42:1;9
24;Kolor:color:0, Rozmiar:select:1;Niebieski:0, 43:1;8
24;Kolor:color:0, Rozmiar:select:1;Szary:0, 39:1;19
24;Kolor:color:0, Rozmiar:select:1;Szary:0, 40:1;19
24;Kolor:color:0, Rozmiar:select:1;Szary:0, 41:1;0
24;Kolor:color:0, Rozmiar:select:1;Szary:0, 42:1;13
24;Kolor:color:0, Rozmiar:select:1;Szary:0, 43:1;1
24;Kolor:color:0, Rozmiar:select:1;Czarny:0, 39:1;1
24;Kolor:color:0, Rozmiar:select:1;Czarny:0, 40:1;3
24;Kolor:color:0, Rozmiar:select:1;Czarny:0, 41:1;12
24;Kolor:color:0, Rozmiar:select:1;Czarny:0, 42:1;13
24;Kolor:color:0, Rozmiar:select:1;Czarny:0, 43:1;16
25;Kolor:color:0, Rozmiar:select:1;Czerwony:0, 39:1;12
25;Kolor:color:0, Rozmiar:select:1;Czerwony:0, 40:1;16
25;Kolor:color:0, Rozmiar:select:1;Czerwony:0, 41:1;14
25;Kolor:color:0, Rozmiar:select:1;Czerwony:0, 42:1;2
25;Kolor:color:0, Rozmiar:select:1;Czerwony:0, 43:1;5
25;Kolor:color:0, Rozmiar:select:1;Zielony:0, 39:1;3
25;Kolor:color:0, Rozmiar:select:1;Zielony:0, 40:1;9
25;Kolor:color:0, Rozmiar:select:1;Zielony:0, 41:1;8
25;Kolor:color:0, Rozmiar:select:1;Zielony:0, 42:1;15
25;Kolor:color:0, Rozmiar:select:1;Zielony:0, 43:1;9
25;Kolor:color:0, Rozmiar:select:1;Niebieski:0, 39:1;5
25;Kolor:color:0, Rozmiar:select:1;Niebieski:0, 40:1;17
25;Kolor:color:0, Rozmiar:select:1;Niebieski:0, 41:1;20
25;Kolor:color:0, Rozmiar:select:1;Niebieski:0, 42:1;10
25;Kolor:color:0, Rozmiar:select:1;Niebieski:0, 43:1;1
25;Kolor:color:0, Rozmiar:select:1;Szary:0, 39:1;19
25;Kolor:color:0, Rozmiar:select:1;Szary:0, 40:1;5
25;Kolor:color:0, Rozmiar:select:1;Szary:0, 41:1;1
25;Kolor:color:0, Rozmiar:select:1;Szary:0, 42:1;6
25;Kolor:color:0, Rozmiar:select:1;Szary:0, 43:1;13
25;Kolor:color:0, Rozmiar:select:1;Czarny:0, 39:1;3
25;Kolor:color:0, Rozmiar:select:1;Czarny:0, 40:1;6
25;Kolor:color:0, Rozmiar:select:1;Czarny:0, 41:1;15
25;Kolor:color:0, Rozmiar:select:1;Czarny:0, 42:1;19
25;Kolor:color:0, Rozmiar:select:1;Czarny:0, 43:1;0
26;Kolor:color:0, Rozmiar:select:1;Czerwony:0, 39:1;6
26;Kolor:color:0, Rozmiar:select:1;Czerwony:0, 40:1;4
26;Kolor:color:0, Rozmiar:select:1;Czerwony:0, 41:1;3
26;Kolor:color:0, Rozmiar:select:1;Czerwony:0, 42:1;14
26;Kolor:color:0, Rozmiar:select:1;Czerwony:0, 43:1;13
26;Kolor:color:0, Rozmiar:select:1;Zielony:0, 39:1;12
26;Kolor:color:0, Rozmiar:select:1;Zielony:0, 40:1;5
26;Kolor:color:0, Rozmiar:select:1;Zielony:0, 41:1;2
26;Kolor:color:0, Rozmiar:select:1;Zielony:0, 42:1;17
26;Kolor:color:0, Rozmiar:select:1;Zielony:0, 43:1;15
26;Kolor:color:0, Rozmiar:select:1;Niebieski:0, 39:1;1
26;Kolor:color:0, Rozmiar:select:1;Niebieski:0, 40:1;17
26;Kolor:color:0, Rozmiar:select:1;Niebieski:0, 41:1;3
26;Kolor:color:0, Rozmiar:select:1;Niebieski:0, 42:1;12
26;Kolor:color:0, Rozmiar:select:1;Niebieski:0, 43:1;15
26;Kolor:color:0, Rozmiar:select:1;Szary:0, 39:1;9
26;Kolor:color:0, Rozmiar:select:1;Szary:0, 40:1;16
26;Kolor:color:0, Rozmiar:select:1;Szary:0, 41:1;15
26;Kolor:color:0, Rozmiar:select:1;Szary:0, 42:1;16
26;Kolor:color:0, Rozmiar:select:1;Szary:0, 43:1;12
26;Kolor:color:0, Rozmiar:select:1;Czarny:0, 39:1;2
26;Kolor:color:0, Rozmiar:select:1;Czarny:0, 40:1;3
26;Kolor:color:0, Rozmiar:select:1;Czarny:0, 41:1;11
26;Kolor:color:0, Rozmiar:select:1;Czarny:0, 42:1;14
26;Kolor:color:0, Rozmiar:select:1;Czarny:0, 43:1;7
30;Kolor:color:0, Rozmiar:select:1;Czerwony:0, 39:1;2
30;Kolor:color:0, Rozmiar:select:1;Czerwony:0, 40:1;16
30;Kolor:color:0, Rozmiar:select:1;Czerwony:0, 41:1;5
30;Kolor:color:0, Rozmiar:select:1;Czerwony:0, 42:1;12
30;Kolor:color:0, Rozmiar:select:1;Czerwony:0, 43:1;10
30;Kolor:color:0, Rozmiar:select:1;Zielony:0, 39:1;12
30;Kolor:color:0, Rozmiar:select:1;Zielony:0, 40:1;15
30;Kolor:color:0, Rozmiar:select:1;Zielony:0, 41:1;2
30;Kolor:color:0, Rozmiar:select:1;Zielony:0, 42:1;19
30;Kolor:color:0, Rozmiar:select:1;Zielony:0, 43:1;4
30;Kolor:color:0, Rozmiar:select:1;Niebieski:0, 39:1;12
30;Kolor:color:0, Rozmiar:select:1;Niebieski:0, 40:1;14
30;Kolor:color:0, Rozmiar:select:1;Niebieski:0, 41:1;13
30;Kolor:color:0, Rozmiar:select:1;Niebieski:0, 42:1;9
30;Kolor:color:0, Rozmiar:select:1;Niebieski:0, 43:1;6
30;Kolor:color:0, Rozmiar:select:1;Szary:0, 39:1;7
30;Kolor:color:0, Rozmiar:select:1;Szary:0, 40:1;12
30;Kolor:color:0, Rozmiar:select:1;Szary:0, 41:1;16
30;Kolor:color:0, Rozmiar:select:1;Szary:0, 42:1;19
30;Kolor:color:0, Rozmiar:select:1;Szary:0, 43:1;6
30;Kolor:color:0, Rozmiar:select:1;Czarny:0, 39:1;7
30;Kolor:color:0, Rozmiar:select:1;Czarny:0, 40:1;1
30;Kolor:color:0, Rozmiar:select:1;Czarny:0, 41:1;10
30;Kolor:color:0, Rozmiar:select:1;Czarny:0, 42:1;8
30;Kolor:color:0, Rozmiar:select:1;Czarny:0, 43:1;19
36;Kolor:color:0, Rozmiar:select:1;Czerwony:0, 39:1;6
36;Kolor:color:0, Rozmiar:select:1;Czerwony:0, 40:1;14
36;Kolor:color:0, Rozmiar:select:1;Czerwony:0, 41:1;8
36;Kolor:color:0, Rozmiar:select:1;Czerwony:0, 42:1;16
36;Kolor:color:0, Rozmiar:select:1;Czerwony:0, 43:1;20
36;Kolor:color:0, Rozmiar:select:1;Zielony:0, 39:1;1
36;Kolor:color:0, Rozmiar:select:1;Zielony:0, 40:1;16
36;Kolor:color:0, Rozmiar:select:1;Zielony:0, 41:1;12
36;Kolor:color:0, Rozmiar:select:1;Zielony:0, 42:1;13
36;Kolor:color:0, Rozmiar:select:1;Zielony:0, 43:1;19
36;Kolor:color:0, Rozmiar:select:1;Niebieski:0, 39:1;14
36;Kolor:color:0, Rozmiar:select:1;Niebieski:0, 40:1;11
36;Kolor:color:0, Rozmiar:select:1;Niebieski:0, 41:1;19
36;Kolor:color:0, Rozmiar:select:1;Niebieski:0, 42:1;11
36;Kolor:color:0, Rozmiar:select:1;Niebieski:0, 43:1;0
36;Kolor:color:0, Rozmiar:select:1;Szary:0, 39:1;8
36;Kolor:color:0, Rozmiar:select:1;Szary:0, 40:1;13
36;Kolor:color:0, Rozmiar:select:1;Szary:0, 41:1;0
36;Kolor:color:0, Rozmiar:select:1;Szary:0, 42:1;10
36;Kolor:color:0, Rozmiar:select:1;Szary:0, 43:1;18
36;Kolor:color:0, Rozmiar:select:1;Czarny:0, 39:1;19
36;Kolor:color:0, Rozmiar:select:1;Czarny:0, 40:1;13
36;Kolor:color:0, Rozmiar:select:1;Czarny:0, 41:1;0
36;Kolor:color:0, Rozmiar:select:1;Czarny:0, 42:1;5
36;Kolor:color:0, Rozmiar:select:1;Czarny:0, 43:1;0
37;Kolor:color:0, Rozmiar:select:1;Czerwony:0, 39:1;7
37;Kolor:color:0, Rozmiar:select:1;Czerwony:0, 40:1;19
37;Kolor:color:0, Rozmiar:select:1;Czerwony:0, 41:1;20
37;Kolor:color:0, Rozmiar:select:1;Czerwony:0, 42:1;1
37;Kolor:color:0, Rozmiar:select:1;Czerwony:0, 43:1;12
37;Kolor:color:0, Rozmiar:select:1;Zielony:0, 39:1;9
37;Kolor:color:0, Rozmiar:select:1;Zielony:0, 40:1;5
37;Kolor:color:0, Rozmiar:select:1;Zielony:0, 41:1;5
37;Kolor:color:0, Rozmiar:select:1;Zielony:0, 42:1;16
37;Kolor:color:0, Rozmiar:select:1;Zielony:0, 43:1;3
37;Kolor:color:0, Rozmiar:select:1;Niebieski:0, 39:1;14
37;Kolor:color:0, Rozmiar:select:1;Niebieski:0, 40:1;0
37;Kolor:color:0, Rozmiar:select:1;Niebieski:0, 41:1;5
37;Kolor:color:0, Rozmiar:select:1;Niebieski:0, 42:1;3
37;Kolor:color:0, Rozmiar:select:1;Niebieski:0, 43:1;16
37;Kolor:color:0, Rozmiar:select:1;Szary:0, 39:1;6
37;Kolor:color:0, Rozmiar:select:1;Szary:0, 40:1;6
37;Kolor:color:0, Rozmiar:select:1;Szary:0, 41:1;10
37;Kolor:color:0, Rozmiar:select:1;Szary:0, 42:1;9
37;Kolor:color:0, Rozmiar:select:1;Szary:0, 43:1;14
37;Kolor:color:0, Rozmiar:select:1;Czarny:0, 39:1;0
37;Kolor:color:0, Rozmiar:select:1;Czarny:0, 40:1;9
37;Kolor:color:0, Rozmiar:select:1;Czarny:0, 41:1;4
37;Kolor:color:0, Rozmiar:select:1;Czarny:0, 42:1;0
37;Kolor:color:0, Rozmiar:select:1;Czarny:0, 43:1;19
38;Kolor:color:0, Rozmiar:select:1;Czerwony:0, 39:1;11
38;Kolor:color:0, Rozmiar:select:1;Czerwony:0, 40:1;5
38;Kolor:color:0, Rozmiar:select:1;Czerwony:0, 41:1;5
38;Kolor:color:0, Rozmiar:select:1;Czerwony:0, 42:1;2
38;Kolor:color:0, Rozmiar:select:1;Czerwony:0, 43:1;15
38;Kolor:color:0, Rozmiar:select:1;Zielony:0, 39:1;4
38;Kolor:color:0, Rozmiar:select:1;Zielony:0, 40:1;15
38;Kolor:color:0, Rozmiar:select:1;Zielony:0, 41:1;6
38;Kolor:color:0, Rozmiar:select:1;Zielony:0, 42:1;17
38;Kolor:color:0, Rozmiar:select:1;Zielony:0, 43:1;5
38;Kolor:color:0, Rozmiar:select:1;Niebieski:0, 39:1;11
38;Kolor:color:0, Rozmiar:select:1;Niebieski:0, 40:1;19
38;Kolor:color:0, Rozmiar:select:1;Niebieski:0, 41:1;4
38;Kolor:color:0, Rozmiar:select:1;Niebieski:0, 42:1;12
38;Kolor:color:0, Rozmiar:select:1;Niebieski:0, 43:1;5
38;Kolor:color:0, Rozmiar:select:1;Szary:0, 39:1;13
38;Kolor:color:0, Rozmiar:select:1;Szary:0, 40:1;13
38;Kolor:color:0, Rozmiar:select:1;Szary:0, 41:1;4
38;Kolor:color:0, Rozmiar:select:1;Szary:0, 42:1;11
38;Kolor:color:0, Rozmiar:select:1;Szary:0, 43:1;4
38;Kolor:color:0, Rozmiar:select:1;Czarny:0, 39:1;20
38;Kolor:color:0, Rozmiar:select:1;Czarny:0, 40:1;1
38;Kolor:color:0, Rozmiar:select:1;Czarny:0, 41:1;17
38;Kolor:color:0, Rozmiar:select:1;Czarny:0, 42:1;7
38;Kolor:color:0, Rozmiar:select:1;Czarny:0, 43:1;6
39;Kolor:color:0, Rozmiar:select:1;Czerwony:0, 39:1;18
39;Kolor:color:0, Rozmiar:select:1;Czerwony:0, 40:1;17
39;Kolor:color:0, Rozmiar:select:1;Czerwony:0, 41:1;5
39;Kolor:color:0, Rozmiar:select:1;Czerwony:0, 42:1;3
39;Kolor:color:0, Rozmiar:select:1;Czerwony:0, 43:1;19
39;Kolor:color:0, Rozmiar:select:1;Zielony:0, 39:1;18
39;Kolor:color:0, Rozmiar:select:1;Zielony:0, 40:1;17
39;Kolor:color:0, Rozmiar:select:1;Zielony:0, 41:1;5
39;Kolor:color:0, Rozmiar:select:1;Zielony:0, 42:1;1
39;Kolor:color:0, Rozmiar:select:1;Zielony:0, 43:1;5
39;Kolor:color:0, Rozmiar:select:1;Niebieski:0, 39:1;6
39;Kolor:color:0, Rozmiar:select:1;Niebieski:0, 40:1;1
39;Kolor:color:0, Rozmiar:select:1;Niebieski:0, 41:1;3
39;Kolor:color:0, Rozmiar:select:1;Niebieski:0, 42:1;16
39;Kolor:color:0, Rozmiar:select:1;Niebieski:0, 43:1;9
39;Kolor:color:0, Rozmiar:select:1;Szary:0, 39:1;10
39;Kolor:color:0, Rozmiar:select:1;Szary:0, 40:1;11
39;Kolor:color:0, Rozmiar:select:1;Szary:0, 41:1;12
39;Kolor:color:0, Rozmiar:select:1;Szary:0, 42:1;9
39;Kolor:color:0, Rozmiar:select:1;Szary:0, 43:1;0
39;Kolor:color:0, Rozmiar:select:1;Czarny:0, 39:1;12
39;Kolor:color:0, Rozmiar:select:1;Czarny:0, 40:1;18
39;Kolor:color:0, Rozmiar:select:1;Czarny:0, 41:1;11
39;Kolor:color:0, Rozmiar:select:1;Czarny:0, 42:1;10
39;Kolor:color:0, Rozmiar:select:1;Czarny:0, 43:1;7
40;Kolor:color:0, Rozmiar:select:1;Czerwony:0, 39:1;18
40;Kolor:color:0, Rozmiar:select:1;Czerwony:0, 40:1;16
40;Kolor:color:0, Rozmiar:select:1;Czerwony:0, 41:1;16
40;Kolor:color:0, Rozmiar:select:1;Czerwony:0, 42:1;6
40;Kolor:color:0, Rozmiar:select:1;Czerwony:0, 43:1;5
40;Kolor:color:0, Rozmiar:select:1;Zielony:0, 39:1;15
40;Kolor:color:0, Rozmiar:select:1;Zielony:0, 40:1;14
40;Kolor:color:0, Rozmiar:select:1;Zielony:0, 41:1;2
40;Kolor:color:0, Rozmiar:select:1;Zielony:0, 42:1;10
40;Kolor:color:0, Rozmiar:select:1;Zielony:0, 43:1;14
40;Kolor:color:0, Rozmiar:select:1;Niebieski:0, 39:1;6
40;Kolor:color:0, Rozmiar:select:1;Niebieski:0, 40:1;6
40;Kolor:color:0, Rozmiar:select:1;Niebieski:0, 41:1;13
40;Kolor:color:0, Rozmiar:select:1;Niebieski:0, 42:1;14
40;Kolor:color:0, Rozmiar:select:1;Niebieski:0, 43:1;0
40;Kolor:color:0, Rozmiar:select:1;Szary:0, 39:1;18
40;Kolor:color:0, Rozmiar:select:1;Szary:0, 40:1;19
40;Kolor:color:0, Rozmiar:select:1;Szary:0, 41:1;10
40;Kolor:color:0, Rozmiar:select:1;Szary:0, 42:1;12
40;Kolor:color:0, Rozmiar:select:1;Szary:0, 43:1;4
40;Kolor:color:0, Rozmiar:select:1;Czarny:0, 39:1;3
40;Kolor:color:0, Rozmiar:select:1;Czarny:0, 40:1;0
40;Kolor:color:0, Rozmiar:select:1;Czarny:0, 41:1;16
40;Kolor:color:0, Rozmiar:select:1;Czarny:0, 42:1;19
40;Kolor:color:0, Rozmiar:select:1;Czarny:0, 43:1;14
41;Kolor:color:0, Rozmiar:select:1;Czerwony:0, 39:1;18
41;Kolor:color:0, Rozmiar:select:1;Czerwony:0, 40:1;8
41;Kolor:color:0, Rozmiar:select:1;Czerwony:0, 41:1;5
41;Kolor:color:0, Rozmiar:select:1;Czerwony:0, 42:1;11
41;Kolor:color:0, Rozmiar:select:1;Czerwony:0, 43:1;15
41;Kolor:color:0, Rozmiar:select:1;Zielony:0, 39:1;20
41;Kolor:color:0, Rozmiar:select:1;Zielony:0, 40:1;19
41;Kolor:color:0, Rozmiar:select:1;Zielony:0, 41:1;2
41;Kolor:color:0, Rozmiar:select:1;Zielony:0, 42:1;0
41;Kolor:color:0, Rozmiar:select:1;Zielony:0, 43:1;4
41;Kolor:color:0, Rozmiar:select:1;Niebieski:0, 39:1;0
41;Kolor:color:0, Rozmiar:select:1;Niebieski:0, 40:1;9
41;Kolor:color:0, Rozmiar:select:1;Niebieski:0, 41:1;12
41;Kolor:color:0, Rozmiar:select:1;Niebieski:0, 42:1;12
41;Kolor:color:0, Rozmiar:select:1;Niebieski:0, 43:1;12
41;Kolor:color:0, Rozmiar:select:1;Szary:0, 39:1;10
41;Kolor:color:0, Rozmiar:select:1;Szary:0, 40:1;19
41;Kolor:color:0, Rozmiar:select:1;Szary:0, 41:1;1
41;Kolor:color:0, Rozmiar:select:1;Szary:0, 42:1;8
41;Kolor:color:0, Rozmiar:select:1;Szary:0, 43:1;16
41;Kolor:color:0, Rozmiar:select:1;Czarny:0, 39:1;9
41;Kolor:color:0, Rozmiar:select:1;Czarny:0, 40:1;18
41;Kolor:color:0, Rozmiar:select:1;Czarny:0, 41:1;12
41;Kolor:color:0, Rozmiar:select:1;Czarny:0, 42:1;18
41;Kolor:color:0, Rozmiar:select:1;Czarny:0, 43:1;17
42;Kolor:color:0, Rozmiar:select:1;Czerwony:0, 39:1;12
42;Kolor:color:0, Rozmiar:select:1;Czerwony:0, 40:1;15
42;Kolor:color:0, Rozmiar:select:1;Czerwony:0, 41:1;8
42;Kolor:color:0, Rozmiar:select:1;Czerwony:0, 42:1;7
42;Kolor:color:0, Rozmiar:select:1;Czerwony:0, 43:1;3
42;Kolor:color:0, Rozmiar:select:1;Zielony:0, 39:1;20
42;Kolor:color:0, Rozmiar:select:1;Zielony:0, 40:1;2
42;Kolor:color:0, Rozmiar:select:1;Zielony:0, 41:1;16
42;Kolor:color:0, Rozmiar:select:1;Zielony:0, 42:1;10
42;Kolor:color:0, Rozmiar:select:1;Zielony:0, 43:1;13
42;Kolor:color:0, Rozmiar:select:1;Niebieski:0, 39:1;8
42;Kolor:color:0, Rozmiar:select:1;Niebieski:0, 40:1;10
42;Kolor:color:0, Rozmiar:select:1;Niebieski:0, 41:1;13
42;Kolor:color:0, Rozmiar:select:1;Niebieski:0, 42:1;1
42;Kolor:color:0, Rozmiar:select:1;Niebieski:0, 43:1;5
42;Kolor:color:0, Rozmiar:select:1;Szary:0, 39:1;16
42;Kolor:color:0, Rozmiar:select:1;Szary:0, 40:1;4
42;Kolor:color:0, Rozmiar:select:1;Szary:0, 41:1;8
42;Kolor:color:0, Rozmiar:select:1;Szary:0, 42:1;5
42;Kolor:color:0, Rozmiar:select:1;Szary:0, 43:1;1
42;Kolor:color:0, Rozmiar:select:1;Czarny:0, 39:1;1
42;Kolor:color:0, Rozmiar:select:1;Czarny:0, 40:1;8
42;Kolor:color:0, Rozmiar:select:1;Czarny:0, 41:1;10
42;Kolor:color:0, Rozmiar:select:1;Czarny:0, 42:1;13
42;Kolor:color:0, Rozmiar:select:1;Czarny:0, 43:1;3
43;Kolor:color:0, Rozmiar:select:1;Czerwony:0, 39:1;20
43;Kolor:color:0, Rozmiar:select:1;Czerwony:0, 40:1;13
43;Kolor:color:0, Rozmiar:select:1;Czerwony:0, 41:1;1
43;Kolor:color:0, Rozmiar:select:1;Czerwony:0, 42:1;12
43;Kolor:color:0, Rozmiar:select:1;Czerwony:0, 43:1;15
43;Kolor:color:0, Rozmiar:select:1;Zielony:0, 39:1;5
43;Kolor:color:0, Rozmiar:select:1;Zielony:0, 40:1;11
43;Kolor:color:0, Rozmiar:select:1;Zielony:0, 41:1;14
43;Kolor:color:0, Rozmiar:select:1;Zielony:0, 42:1;14
43;Kolor:color:0, Rozmiar:select:1;Zielony:0, 43:1;17
43;Kolor:color:0, Rozmiar:select:1;Niebieski:0, 39:1;0
43;Kolor:color:0, Rozmiar:select:1;Niebieski:0, 40:1;16
43;Kolor:color:0, Rozmiar:select:1;Niebieski:0, 41:1;12
43;Kolor:color:0, Rozmiar:select:1;Niebieski:0, 42:1;6
43;Kolor:color:0, Rozmiar:select:1;Niebieski:0, 43:1;18
43;Kolor:color:0, Rozmiar:select:1;Szary:0, 39:1;12
43;Kolor:color:0, Rozmiar:select:1;Szary:0, 40:1;19
43;Kolor:color:0, Rozmiar:select:1;Szary:0, 41:1;13
43;Kolor:color:0, Rozmiar:select:1;Szary:0, 42:1;19
43;Kolor:color:0, Rozmiar:select:1;Szary:0, 43:1;5
43;Kolor:color:0, Rozmiar:select:1;Czarny:0, 39:1;6
43;Kolor:color:0, Rozmiar:select:1;Czarny:0, 40:1;19
43;Kolor:color:0, Rozmiar:select:1;Czarny:0, 41:1;8
43;Kolor:color:0, Rozmiar:select:1;Czarny:0, 42:1;15
43;Kolor:color:0, Rozmiar:select:1;Czarny:0, 43:1;4
49;Kolor:color:0, Rozmiar:select:1;Czerwony:0, 39:1;0
49;Kolor:color:0, Rozmiar:select:1;Czerwony:0, 40:1;13
49;Kolor:color:0, Rozmiar:select:1;Czerwony:0, 41:1;11
49;Kolor:color:0, Rozmiar:select:1;Czerwony:0, 42:1;15
49;Kolor:color:0, Rozmiar:select:1;Czerwony:0, 43:1;17
49;Kolor:color:0, Rozmiar:select:1;Zielony:0, 39:1;16
49;Kolor:color:0, Rozmiar:select:1;Zielony:0, 40:1;7
49;Kolor:color:0, Rozmiar:select:1;Zielony:0, 41:1;19
49;Kolor:color:0, Rozmiar:select:1;Zielony:0, 42:1;20
49;Kolor:color:0, Rozmiar:select:1;Zielony:0, 43:1;12
49;Kolor:color:0, Rozmiar:select:1;Niebieski:0, 39:1;15
49;Kolor:color:0, Rozmiar:select:1;Niebieski:0, 40:1;9
49;Kolor:color:0, Rozmiar:select:1;Niebieski:0, 41:1;7
49;Kolor:color:0, Rozmiar:select:1;Niebieski:0, 42:1;15
49;Kolor:color:0, Rozmiar:select:1;Niebieski:0, 43:1;16
49;Kolor:color:0, Rozmiar:select:1;Szary:0, 39:1;15
49;Kolor:color:0, Rozmiar:select:1;Szary:0, 40:1;17
49;Kolor:color:0, Rozmiar:select:1;Szary:0, 41:1;10
49;Kolor:color:0, Rozmiar:select:1;Szary:0, 42:1;6
49;Kolor:color:0, Rozmiar:select:1;Szary:0, 43:1;20
49;Kolor:color:0, Rozmiar:select:1;Czarny:0, 39:1;13
49;Kolor:color:0, Rozmiar:select:1;Czarny:0, 40:1;17
49;Kolor:color:0, Rozmiar:select:1;Czarny:0, 41:1;1
49;Kolor:color:0, Rozmiar:select:1;Czarny:0, 42:1;11
49;Kolor:color:0, Rozmiar:select:1;Czarny:0, 43:1;6
50;Kolor:color:0, Rozmiar:select:1;Czerwony:0, 39:1;16
50;Kolor:color:0, Rozmiar:select:1;Czerwony:0, 40:1;18
50;Kolor:color:0, Rozmiar:select:1;Czerwony:0, 41:1;18
50;Kolor:color:0, Rozmiar:select:1;Czerwony:0, 42:1;5
50;Kolor:color:0, Rozmiar:select:1;Czerwony:0, 43:1;17
50;Kolor:color:0, Rozmiar:select:1;Zielony:0, 39:1;8
50;Kolor:color:0, Rozmiar:select:1;Zielony:0, 40:1;5
50;Kolor:color:0, Rozmiar:select:1;Zielony:0, 41:1;3
50;Kolor:color:0, Rozmiar:select:1;Zielony:0, 42:1;17
50;Kolor:color:0, Rozmiar:select:1;Zielony:0, 43:1;19
50;Kolor:color:0, Rozmiar:select:1;Niebieski:0, 39:1;20
50;Kolor:color:0, Rozmiar:select:1;Niebieski:0, 40:1;0
50;Kolor:color:0, Rozmiar:select:1;Niebieski:0, 41:1;11
50;Kolor:color:0, Rozmiar:select:1;Niebieski:0, 42:1;5
50;Kolor:color:0, Rozmiar:select:1;Niebieski:0, 43:1;11
50;Kolor:color:0, Rozmiar:select:1;Szary:0, 39:1;0
50;Kolor:color:0, Rozmiar:select:1;Szary:0, 40:1;13
50;Kolor:color:0, Rozmiar:select:1;Szary:0, 41:1;1
50;Kolor:color:0, Rozmiar:select:1;Szary:0, 42:1;7
50;Kolor:color:0, Rozmiar:select:1;Szary:0, 43:1;20
50;Kolor:color:0, Rozmiar:select:1;Czarny:0, 39:1;7
50;Kolor:color:0, Rozmiar:select:1;Czarny:0, 40:1;4
50;Kolor:color:0, Rozmiar:select:1;Czarny:0, 41:1;8
50;Kolor:color:0, Rozmiar:select:1;Czarny:0, 42:1;19
50;Kolor:color:0, Rozmiar:select:1;Czarny:0, 43:1;18
51;Kolor:color:0, Rozmiar:select:1;Czerwony:0, 39:1;20
51;Kolor:color:0, Rozmiar:select:1;Czerwony:0, 40:1;3
51;Kolor:color:0, Rozmiar:select:1;Czerwony:0, 41:1;16
51;Kolor:color:0, Rozmiar:select:1;Czerwony:0, 42:1;5
51;Kolor:color:0, Rozmiar:select:1;Czerwony:0, 43:1;15
51;Kolor:color:0, Rozmiar:select:1;Zielony:0, 39:1;16
51;Kolor:color:0, Rozmiar:select:1;Zielony:0, 40:1;8
51;Kolor:color:0, Rozmiar:select:1;Zielony:0, 41:1;17
51;Kolor:color:0, Rozmiar:select:1;Zielony:0, 42:1;11
51;Kolor:color:0, Rozmiar:select:1;Zielony:0, 43:1;12
51;Kolor:color:0, Rozmiar:select:1;Niebieski:0, 39:1;15
51;Kolor:color:0, Rozmiar:select:1;Niebieski:0, 40:1;19
51;Kolor:color:0, Rozmiar:select:1;Niebieski:0, 41:1;11
51;Kolor:color:0, Rozmiar:select:1;Niebieski:0, 42:1;4
51;Kolor:color:0, Rozmiar:select:1;Niebieski:0, 43:1;0
51;Kolor:color:0, Rozmiar:select:1;Szary:0, 39:1;4
51;Kolor:color:0, Rozmiar:select:1;Szary:0, 40:1;11
51;Kolor:color:0, Rozmiar:select:1;Szary:0, 41:1;14
51;Kolor:color:0, Rozmiar:select:1;Szary:0, 42:1;8
51;Kolor:color:0, Rozmiar:select:1;Szary:0, 43:1;14
51;Kolor:color:0, Rozmiar:select:1;Czarny:0, 39:1;6
51;Kolor:color:0, Rozmiar:select:1;Czarny:0, 40:1;1
51;Kolor:color:0, Rozmiar:select:1;Czarny:0, 41:1;8
51;Kolor:color:0, Rozmiar:select:1;Czarny:0, 42:1;19
51;Kolor:color:0, Rozmiar:select:1;Czarny:0, 43:1;18
52;Kolor:color:0, Rozmiar:select:1;Czerwony:0, 39:1;15
52;Kolor:color:0, Rozmiar:select:1;Czerwony:0, 40:1;17
52;Kolor:color:0, Rozmiar:select:1;Czerwony:0, 41:1;4
52;Kolor:color:0, Rozmiar:select:1;Czerwony:0, 42:1;20
52;Kolor:color:0, Rozmiar:select:1;Czerwony:0, 43:1;8
52;Kolor:color:0, Rozmiar:select:1;Zielony:0, 39:1;15
52;Kolor:color:0, Rozmiar:select:1;Zielony:0, 40:1;1
52;Kolor:color:0, Rozmiar:select:1;Zielony:0, 41:1;20
52;Kolor:color:0, Rozmiar:select:1;Zielony:0, 42:1;15
52;Kolor:color:0, Rozmiar:select:1;Zielony:0, 43:1;1
52;Kolor:color:0, Rozmiar:select:1;Niebieski:0, 39:1;13
52;Kolor:color:0, Rozmiar:select:1;Niebieski:0, 40:1;12
52;Kolor:color:0, Rozmiar:select:1;Niebieski:0, 41:1;4
52;Kolor:color:0, Rozmiar:select:1;Niebieski:0, 42:1;5
52;Kolor:color:0, Rozmiar:select:1;Niebieski:0, 43:1;20
52;Kolor:color:0, Rozmiar:select:1;Szary:0, 39:1;4
52;Kolor:color:0, Rozmiar:select:1;Szary:0, 40:1;2
52;Kolor:color:0, Rozmiar:select:1;Szary:0, 41:1;3
52;Kolor:color:0, Rozmiar:select:1;Szary:0, 42:1;5
52;Kolor:color:0, Rozmiar:select:1;Szary:0, 43:1;5
52;Kolor:color:0, Rozmiar:select:1;Czarny:0, 39:1;19
52;Kolor:color:0, Rozmiar:select:1;Czarny:0, 40:1;15
52;Kolor:color:0, Rozmiar:select:1;Czarny:0, 41:1;4
52;Kolor:color:0, Rozmiar:select:1;Czarny:0, 42:1;5
52;Kolor:color:0, Rozmiar:select:1;Czarny:0, 43:1;2
53;Kolor:color:0, Rozmiar:select:1;Czerwony:0, 39:1;18
53;Kolor:color:0, Rozmiar:select:1;Czerwony:0, 40:1;14
53;Kolor:color:0, Rozmiar:select:1;Czerwony:0, 41:1;0
53;Kolor:color:0, Rozmiar:select:1;Czerwony:0, 42:1;19
53;Kolor:color:0, Rozmiar:select:1;Czerwony:0, 43:1;20
53;Kolor:color:0, Rozmiar:select:1;Zielony:0, 39:1;18
53;Kolor:color:0, Rozmiar:select:1;Zielony:0, 40:1;16
53;Kolor:color:0, Rozmiar:select:1;Zielony:0, 41:1;6
53;Kolor:color:0, Rozmiar:select:1;Zielony:0, 42:1;5
53;Kolor:color:0, Rozmiar:select:1;Zielony:0, 43:1;12
53;Kolor:color:0, Rozmiar:select:1;Niebieski:0, 39:1;15
53;Kolor:color:0, Rozmiar:select:1;Niebieski:0, 40:1;2
53;Kolor:color:0, Rozmiar:select:1;Niebieski:0, 41:1;10
53;Kolor:color:0, Rozmiar:select:1;Niebieski:0, 42:1;10
53;Kolor:color:0, Rozmiar:select:1;Niebieski:0, 43:1;6
53;Kolor:color:0, Rozmiar:select:1;Szary:0, 39:1;8
53;Kolor:color:0, Rozmiar:select:1;Szary:0, 40:1;17
53;Kolor:color:0, Rozmiar:select:1;Szary:0, 41:1;5
53;Kolor:color:0, Rozmiar:select:1;Szary:0, 42:1;11
53;Kolor:color:0, Rozmiar:select:1;Szary:0, 43:1;2
53;Kolor:color:0, Rozmiar:select:1;Czarny:0, 39:1;5
53;Kolor:color:0, Rozmiar:select:1;Czarny:0, 40:1;16
53;Kolor:color:0, Rozmiar:select:1;Czarny:0, 41:1;6
53;Kolor:color:0, Rozmiar:select:1;Czarny:0, 42:1;18
53;Kolor:color:0, Rozmiar:select:1;Czarny:0, 43:1;7
57;Kolor:color:0, Rozmiar:select:1;Czerwony:0, 39:1;11
57;Kolor:color:0, Rozmiar:select:1;Czerwony:0, 40:1;5
57;Kolor:color:0, Rozmiar:select:1;Czerwony:0, 41:1;11
57;Kolor:color:0, Rozmiar:select:1;Czerwony:0, 42:1;17
57;Kolor:color:0, Rozmiar:select:1;Czerwony:0, 43:1;17
57;Kolor:color:0, Rozmiar:select:1;Zielony:0, 39:1;18
57;Kolor:color:0, Rozmiar:select:1;Zielony:0, 40:1;6
57;Kolor:color:0, Rozmiar:select:1;Zielony:0, 41:1;3
57;Kolor:color:0, Rozmiar:select:1;Zielony:0, 42:1;8
57;Kolor:color:0, Rozmiar:select:1;Zielony:0, 43:1;14
57;Kolor:color:0, Rozmiar:select:1;Niebieski:0, 39:1;10
57;Kolor:color:0, Rozmiar:select:1;Niebieski:0, 40:1;7
57;Kolor:color:0, Rozmiar:select:1;Niebieski:0, 41:1;20
57;Kolor:color:0, Rozmiar:select:1;Niebieski:0, 42:1;8
57;Kolor:color:0, Rozmiar:select:1;Niebieski:0, 43:1;6
57;Kolor:color:0, Rozmiar:select:1;Szary:0, 39:1;7
57;Kolor:color:0, Rozmiar:select:1;Szary:0, 40:1;8
57;Kolor:color:0, Rozmiar:select:1;Szary:0, 41:1;17
57;Kolor:color:0, Rozmiar:select:1;Szary:0, 42:1;15
57;Kolor:color:0, Rozmiar:select:1;Szary:0, 43:1;5
57;Kolor:color:0, Rozmiar:select:1;Czarny:0, 39:1;14
57;Kolor:color:0, Rozmiar:select:1;Czarny:0, 40:1;14
57;Kolor:color:0, Rozmiar:select:1;Czarny:0, 41:1;17
57;Kolor:color:0, Rozmiar:select:1;Czarny:0, 42:1;13
57;Kolor:color:0, Rozmiar:select:1;Czarny:0, 43:1;4
76;Kolor:color:0, Rozmiar:select:1;Czerwony:0, 39:1;4
76;Kolor:color:0, Rozmiar:select:1;Czerwony:0, 40:1;10
76;Kolor:color:0, Rozmiar:select:1;Czerwony:0, 41:1;1
76;Kolor:color:0, Rozmiar:select:1;Czerwony:0, 42:1;10
76;Kolor:color:0, Rozmiar:select:1;Czerwony:0, 43:1;12
76;Kolor:color:0, Rozmiar:select:1;Zielony:0, 39:1;12
76;Kolor:color:0, Rozmiar:select:1;Zielony:0, 40:1;10
76;Kolor:color:0, Rozmiar:select:1;Zielony:0, 41:1;15
76;Kolor:color:0, Rozmiar:select:1;Zielony:0, 42:1;15
76;Kolor:color:0, Rozmiar:select:1;Zielony:0, 43:1;15
76;Kolor:color:0, Rozmiar:select:1;Niebieski:0, 39:1;20
76;Kolor:color:0, Rozmiar:select:1;Niebieski:0, 40:1;20
76;Kolor:color:0, Rozmiar:select:1;Niebieski:0, 41:1;9
76;Kolor:color:0, Rozmiar:select:1;Niebieski:0, 42:1;12
76;Kolor:color:0, Rozmiar:select:1;Niebieski:0, 43:1;20
76;Kolor:color:0, Rozmiar:select:1;Szary:0, 39:1;9
76;Kolor:color:0, Rozmiar:select:1;Szary:0, 40:1;5
76;Kolor:color:0, Rozmiar:select:1;Szary:0, 41:1;9
76;Kolor:color:0, Rozmiar:select:1;Szary:0, 42:1;19
76;Kolor:color:0, Rozmiar:select:1;Szary:0, 43:1;9
76;Kolor:color:0, Rozmiar:select:1;Czarny:0, 39:1;15
76;Kolor:color:0, Rozmiar:select:1;Czarny:0, 40:1;6
76;Kolor:color:0, Rozmiar:select:1;Czarny:0, 41:1;6
76;Kolor:color:0, Rozmiar:select:1;Czarny:0, 42:1;7
76;Kolor:color:0, Rozmiar:select:1;Czarny:0, 43:1;20
77;Kolor:color:0, Rozmiar:select:1;Czerwony:0, 39:1;9
77;Kolor:color:0, Rozmiar:select:1;Czerwony:0, 40:1;9
77;Kolor:color:0, Rozmiar:select:1;Czerwony:0, 41:1;10
77;Kolor:color:0, Rozmiar:select:1;Czerwony:0, 42:1;4
77;Kolor:color:0, Rozmiar:select:1;Czerwony:0, 43:1;6
77;Kolor:color:0, Rozmiar:select:1;Zielony:0, 39:1;12
77;Kolor:color:0, Rozmiar:select:1;Zielony:0, 40:1;6
77;Kolor:color:0, Rozmiar:select:1;Zielony:0, 41:1;1
77;Kolor:color:0, Rozmiar:select:1;Zielony:0, 42:1;13
77;Kolor:color:0, Rozmiar:select:1;Zielony:0, 43:1;16
77;Kolor:color:0, Rozmiar:select:1;Niebieski:0, 39:1;17
77;Kolor:color:0, Rozmiar:select:1;Niebieski:0, 40:1;4
77;Kolor:color:0, Rozmiar:select:1;Niebieski:0, 41:1;15
77;Kolor:color:0, Rozmiar:select:1;Niebieski:0, 42:1;17
77;Kolor:color:0, Rozmiar:select:1;Niebieski:0, 43:1;13
77;Kolor:color:0, Rozmiar:select:1;Szary:0, 39:1;20
77;Kolor:color:0, Rozmiar:select:1;Szary:0, 40:1;7
77;Kolor:color:0, Rozmiar:select:1;Szary:0, 41:1;1
77;Kolor:color:0, Rozmiar:select:1;Szary:0, 42:1;7
77;Kolor:color:0, Rozmiar:select:1;Szary:0, 43:1;13
77;Kolor:color:0, Rozmiar:select:1;Czarny:0, 39:1;6
77;Kolor:color:0, Rozmiar:select:1;Czarny:0, 40:1;18
77;Kolor:color:0, Rozmiar:select:1;Czarny:0, 41:1;20
77;Kolor:color:0, Rozmiar:select:1;Czarny:0, 42:1;2
77;Kolor:color:0, Rozmiar:select:1;Czarny:0, 43:1;7
104;Kolor:color:0, Rozmiar:select:1;Czerwony:0, 39:1;12
104;Kolor:color:0, Rozmiar:select:1;Czerwony:0, 40:1;16
104;Kolor:color:0, Rozmiar:select:1;Czerwony:0, 41:1;7
104;Kolor:color:0, Rozmiar:select:1;Czerwony:0, 42:1;2
104;Kolor:color:0, Rozmiar:select:1;Czerwony:0, 43:1;17
104;Kolor:color:0, Rozmiar:select:1;Zielony:0, 39:1;13
104;Kolor:color:0, Rozmiar:select:1;Zielony:0, 40:1;0
104;Kolor:color:0, Rozmiar:select:1;Zielony:0, 41:1;6
104;Kolor:color:0, Rozmiar:select:1;Zielony:0, 42:1;7
104;Kolor:color:0, Rozmiar:select:1;Zielony:0, 43:1;8
104;Kolor:color:0, Rozmiar:select:1;Niebieski:0, 39:1;17
104;Kolor:color:0, Rozmiar:select:1;Niebieski:0, 40:1;2
104;Kolor:color:0, Rozmiar:select:1;Niebieski:0, 41:1;11
104;Kolor:color:0, Rozmiar:select:1;Niebieski:0, 42:1;10
104;Kolor:color:0, Rozmiar:select:1;Niebieski:0, 43:1;9
104;Kolor:color:0, Rozmiar:select:1;Szary:0, 39:1;18
104;Kolor:color:0, Rozmiar:select:1;Szary:0, 40:1;14
104;Kolor:color:0, Rozmiar:select:1;Szary:0, 41:1;3
104;Kolor:color:0, Rozmiar:select:1;Szary:0, 42:1;8
104;Kolor:color:0, Rozmiar:select:1;Szary:0, 43:1;4
104;Kolor:color:0, Rozmiar:select:1;Czarny:0, 39:1;16
104;Kolor:color:0, Rozmiar:select:1;Czarny:0, 40:1;9
104;Kolor:color:0, Rozmiar:select:1;Czarny:0, 41:1;0
104;Kolor:color:0, Rozmiar:select:1;Czarny:0, 42:1;5
104;Kolor:color:0, Rozmiar:select:1;Czarny:0, 43:1;14
108;Kolor:color:0, Rozmiar:select:1;Czerwony:0, 39:1;13
108;Kolor:color:0, Rozmiar:select:1;Czerwony:0, 40:1;18
108;Kolor:color:0, Rozmiar:select:1;Czerwony:0, 41:1;16
108;Kolor:color:0, Rozmiar:select:1;Czerwony:0, 42:1;8
108;Kolor:color:0, Rozmiar:select:1;Czerwony:0, 43:1;14
108;Kolor:color:0, Rozmiar:select:1;Zielony:0, 39:1;13
108;Kolor:color:0, Rozmiar:select:1;Zielony:0, 40:1;4
108;Kolor:color:0, Rozmiar:select:1;Zielony:0, 41:1;8
108;Kolor:color:0, Rozmiar:select:1;Zielony:0, 42:1;3
108;Kolor:color:0, Rozmiar:select:1;Zielony:0, 43:1;4
108;Kolor:color:0, Rozmiar:select:1;Niebieski:0, 39:1;14
108;Kolor:color:0, Rozmiar:select:1;Niebieski:0, 40:1;1
108;Kolor:color:0, Rozmiar:select:1;Niebieski:0, 41:1;17
108;Kolor:color:0, Rozmiar:select:1;Niebieski:0, 42:1;15
108;Kolor:color:0, Rozmiar:select:1;Niebieski:0, 43:1;19
108;Kolor:color:0, Rozmiar:select:1;Szary:0, 39:1;0
108;Kolor:color:0, Rozmiar:select:1;Szary:0, 40:1;7
108;Kolor:color:0, Rozmiar:select:1;Szary:0, 41:1;1
108;Kolor:color:0, Rozmiar:select:1;Szary:0, 42:1;6
108;Kolor:color:0, Rozmiar:select:1;Szary:0, 43:1;18
108;Kolor:color:0, Rozmiar:select:1;Czarny:0, 39:1;11
108;Kolor:color:0, Rozmiar:select:1;Czarny:0, 40:1;16
108;Kolor:color:0, Rozmiar:select:1;Czarny:0, 41:1;17
108;Kolor:color:0, Rozmiar:select:1;Czarny:0, 42:1;16
108;Kolor:color:0, Rozmiar:select:1;Czarny:0, 43:1;18
112;Kolor:color:0, Rozmiar:select:1;Czerwony:0, 39:1;14
112;Kolor:color:0, Rozmiar:select:1;Czerwony:0, 40:1;6
112;Kolor:color:0, Rozmiar:select:1;Czerwony:0, 41:1;0
112;Kolor:color:0, Rozmiar:select:1;Czerwony:0, 42:1;11
112;Kolor:color:0, Rozmiar:select:1;Czerwony:0, 43:1;1
112;Kolor:color:0, Rozmiar:select:1;Zielony:0, 39:1;14
112;Kolor:color:0, Rozmiar:select:1;Zielony:0, 40:1;15
112;Kolor:color:0, Rozmiar:select:1;Zielony:0, 41:1;20
112;Kolor:color:0, Rozmiar:select:1;Zielony:0, 42:1;2
112;Kolor:color:0, Rozmiar:select:1;Zielony:0, 43:1;13
112;Kolor:color:0, Rozmiar:select:1;Niebieski:0, 39:1;8
112;Kolor:color:0, Rozmiar:select:1;Niebieski:0, 40:1;2
112;Kolor:color:0, Rozmiar:select:1;Niebieski:0, 41:1;7
112;Kolor:color:0, Rozmiar:select:1;Niebieski:0, 42:1;15
112;Kolor:color:0, Rozmiar:select:1;Niebieski:0, 43:1;13
112;Kolor:color:0, Rozmiar:select:1;Szary:0, 39:1;5
112;Kolor:color:0, Rozmiar:select:1;Szary:0, 40:1;7
112;Kolor:color:0, Rozmiar:select:1;Szary:0, 41:1;20
112;Kolor:color:0, Rozmiar:select:1;Szary:0, 42:1;5
112;Kolor:color:0, Rozmiar:select:1;Szary:0, 43:1;12
112;Kolor:color:0, Rozmiar:select:1;Czarny:0, 39:1;4
112;Kolor:color:0, Rozmiar:select:1;Czarny:0, 40:1;15
112;Kolor:color:0, Rozmiar:select:1;Czarny:0, 41:1;15
112;Kolor:color:0, Rozmiar:select:1;Czarny:0, 42:1;10
112;Kolor:color:0, Rozmiar:select:1;Czarny:0, 43:1;5
113;Kolor:color:0, Rozmiar:select:1;Czerwony:0, 39:1;3
113;Kolor:color:0, Rozmiar:select:1;Czerwony:0, 40:1;9
113;Kolor:color:0, Rozmiar:select:1;Czerwony:0, 41:1;3
113;Kolor:color:0, Rozmiar:select:1;Czerwony:0, 42:1;1
113;Kolor:color:0, Rozmiar:select:1;Czerwony:0, 43:1;11
113;Kolor:color:0, Rozmiar:select:1;Zielony:0, 39:1;8
113;Kolor:color:0, Rozmiar:select:1;Zielony:0, 40:1;2
113;Kolor:color:0, Rozmiar:select:1;Zielony:0, 41:1;3
113;Kolor:color:0, Rozmiar:select:1;Zielony:0, 42:1;4
113;Kolor:color:0, Rozmiar:select:1;Zielony:0, 43:1;12
113;Kolor:color:0, Rozmiar:select:1;Niebieski:0, 39:1;17
113;Kolor:color:0, Rozmiar:select:1;Niebieski:0, 40:1;11
113;Kolor:color:0, Rozmiar:select:1;Niebieski:0, 41:1;18
113;Kolor:color:0, Rozmiar:select:1;Niebieski:0, 42:1;1
113;Kolor:color:0, Rozmiar:select:1;Niebieski:0, 43:1;3
113;Kolor:color:0, Rozmiar:select:1;Szary:0, 39:1;12
113;Kolor:color:0, Rozmiar:select:1;Szary:0, 40:1;13
113;Kolor:color:0, Rozmiar:select:1;Szary:0, 41:1;20
113;Kolor:color:0, Rozmiar:select:1;Szary:0, 42:1;6
113;Kolor:color:0, Rozmiar:select:1;Szary:0, 43:1;0
113;Kolor:color:0, Rozmiar:select:1;Czarny:0, 39:1;17
113;Kolor:color:0, Rozmiar:select:1;Czarny:0, 40:1;11
113;Kolor:color:0, Rozmiar:select:1;Czarny:0, 41:1;18
113;Kolor:color:0, Rozmiar:select:1;Czarny:0, 42:1;4
113;Kolor:color:0, Rozmiar:select:1;Czarny:0, 43:1;10
114;Kolor:color:0, Rozmiar:select:1;Czerwony:0, 39:1;19
114;Kolor:color:0, Rozmiar:select:1;Czerwony:0, 40:1;18
114;Kolor:color:0, Rozmiar:select:1;Czerwony:0, 41:1;12
114;Kolor:color:0, Rozmiar:select:1;Czerwony:0, 42:1;1
114;Kolor:color:0, Rozmiar:select:1;Czerwony:0, 43:1;0
114;Kolor:color:0, Rozmiar:select:1;Zielony:0, 39:1;1
114;Kolor:color:0, Rozmiar:select:1;Zielony:0, 40:1;16
114;Kolor:color:0, Rozmiar:select:1;Zielony:0, 41:1;13
114;Kolor:color:0, Rozmiar:select:1;Zielony:0, 42:1;17
114;Kolor:color:0, Rozmiar:select:1;Zielony:0, 43:1;15
114;Kolor:color:0, Rozmiar:select:1;Niebieski:0, 39:1;4
114;Kolor:color:0, Rozmiar:select:1;Niebieski:0, 40:1;1
114;Kolor:color:0, Rozmiar:select:1;Niebieski:0, 41:1;0
114;Kolor:color:0, Rozmiar:select:1;Niebieski:0, 42:1;7
114;Kolor:color:0, Rozmiar:select:1;Niebieski:0, 43:1;4
114;Kolor:color:0, Rozmiar:select:1;Szary:0, 39:1;11
114;Kolor:color:0, Rozmiar:select:1;Szary:0, 40:1;3
114;Kolor:color:0, Rozmiar:select:1;Szary:0, 41:1;16
114;Kolor:color:0, Rozmiar:select:1;Szary:0, 42:1;11
114;Kolor:color:0, Rozmiar:select:1;Szary:0, 43:1;6
114;Kolor:color:0, Rozmiar:select:1;Czarny:0, 39:1;5
114;Kolor:color:0, Rozmiar:select:1;Czarny:0, 40:1;12
114;Kolor:color:0, Rozmiar:select:1;Czarny:0, 41:1;9
114;Kolor:color:0, Rozmiar:select:1;Czarny:0, 42:1;12
114;Kolor:color:0, Rozmiar:select:1;Czarny:0, 43:1;20
115;Kolor:color:0, Rozmiar:select:1;Czerwony:0, 39:1;0
115;Kolor:color:0, Rozmiar:select:1;Czerwony:0, 40:1;19
115;Kolor:color:0, Rozmiar:select:1;Czerwony:0, 41:1;8
115;Kolor:color:0, Rozmiar:select:1;Czerwony:0, 42:1;6
115;Kolor:color:0, Rozmiar:select:1;Czerwony:0, 43:1;19
115;Kolor:color:0, Rozmiar:select:1;Zielony:0, 39:1;1
115;Kolor:color:0, Rozmiar:select:1;Zielony:0, 40:1;5
115;Kolor:color:0, Rozmiar:select:1;Zielony:0, 41:1;9
115;Kolor:color:0, Rozmiar:select:1;Zielony:0, 42:1;15
115;Kolor:color:0, Rozmiar:select:1;Zielony:0, 43:1;10
115;Kolor:color:0, Rozmiar:select:1;Niebieski:0, 39:1;11
115;Kolor:color:0, Rozmiar:select:1;Niebieski:0, 40:1;2
115;Kolor:color:0, Rozmiar:select:1;Niebieski:0, 41:1;4
115;Kolor:color:0, Rozmiar:select:1;Niebieski:0, 42:1;16
115;Kolor:color:0, Rozmiar:select:1;Niebieski:0, 43:1;8
115;Kolor:color:0, Rozmiar:select:1;Szary:0, 39:1;4
115;Kolor:color:0, Rozmiar:select:1;Szary:0, 40:1;5
115;Kolor:color:0, Rozmiar:select:1;Szary:0, 41:1;8
115;Kolor:color:0, Rozmiar:select:1;Szary:0, 42:1;4
115;Kolor:color:0, Rozmiar:select:1;Szary:0, 43:1;16
115;Kolor:color:0, Rozmiar:select:1;Czarny:0, 39:1;1
115;Kolor:color:0, Rozmiar:select:1;Czarny:0, 40:1;20
115;Kolor:color:0, Rozmiar:select:1;Czarny:0, 41:1;6
115;Kolor:color:0, Rozmiar:select:1;Czarny:0, 42:1;14
115;Kolor:color:0, Rozmiar:select:1;Czarny:0, 43:1;9
116;Kolor:color:0, Rozmiar:select:1;Czerwony:0, 39:1;12
116;Kolor:color:0, Rozmiar:select:1;Czerwony:0, 40:1;9
116;Kolor:color:0, Rozmiar:select:1;Czerwony:0, 41:1;5
116;Kolor:color:0, Rozmiar:select:1;Czerwony:0, 42:1;10
116;Kolor:color:0, Rozmiar:select:1;Czerwony:0, 43:1;10
116;Kolor:color:0, Rozmiar:select:1;Zielony:0, 39:1;16
116;Kolor:color:0, Rozmiar:select:1;Zielony:0, 40:1;9
116;Kolor:color:0, Rozmiar:select:1;Zielony:0, 41:1;9
116;Kolor:color:0, Rozmiar:select:1;Zielony:0, 42:1;7
116;Kolor:color:0, Rozmiar:select:1;Zielony:0, 43:1;17
116;Kolor:color:0, Rozmiar:select:1;Niebieski:0, 39:1;4
116;Kolor:color:0, Rozmiar:select:1;Niebieski:0, 40:1;3
116;Kolor:color:0, Rozmiar:select:1;Niebieski:0, 41:1;18
116;Kolor:color:0, Rozmiar:select:1;Niebieski:0, 42:1;9
116;Kolor:color:0, Rozmiar:select:1;Niebieski:0, 43:1;6
116;Kolor:color:0, Rozmiar:select:1;Szary:0, 39:1;11
116;Kolor:color:0, Rozmiar:select:1;Szary:0, 40:1;0
116;Kolor:color:0, Rozmiar:select:1;Szary:0, 41:1;3
116;Kolor:color:0, Rozmiar:select:1;Szary:0, 42:1;16
116;Kolor:color:0, Rozmiar:select:1;Szary:0, 43:1;13
116;Kolor:color:0, Rozmiar:select:1;Czarny:0, 39:1;11
116;Kolor:color:0, Rozmiar:select:1;Czarny:0, 40:1;15
116;Kolor:color:0, Rozmiar:select:1;Czarny:0, 41:1;3
116;Kolor:color:0, Rozmiar:select:1;Czarny:0, 42:1;12
116;Kolor:color:0, Rozmiar:select:1;Czarny:0, 43:1;14
140;Kolor:color:0, Rozmiar:select:1;Czerwony:0, 39:1;16
140;Kolor:color:0, Rozmiar:select:1;Czerwony:0, 40:1;2
140;Kolor:color:0, Rozmiar:select:1;Czerwony:0, 41:1;6
140;Kolor:color:0, Rozmiar:select:1;Czerwony:0, 42:1;14
140;Kolor:color:0, Rozmiar:select:1;Czerwony:0, 43:1;7
140;Kolor:color:0, Rozmiar:select:1;Zielony:0, 39:1;19
140;Kolor:color:0, Rozmiar:select:1;Zielony:0, 40:1;4
140;Kolor:color:0, Rozmiar:select:1;Zielony:0, 41:1;9
140;Kolor:color:0, Rozmiar:select:1;Zielony:0, 42:1;16
140;Kolor:color:0, Rozmiar:select:1;Zielony:0, 43:1;0
140;Kolor:color:0, Rozmiar:select:1;Niebieski:0, 39:1;5
140;Kolor:color:0, Rozmiar:select:1;Niebieski:0, 40:1;11
140;Kolor:color:0, Rozmiar:select:1;Niebieski:0, 41:1;7
140;Kolor:color:0, Rozmiar:select:1;Niebieski:0, 42:1;10
140;Kolor:color:0, Rozmiar:select:1;Niebieski:0, 43:1;18
140;Kolor:color:0, Rozmiar:select:1;Szary:0, 39:1;10
140;Kolor:color:0, Rozmiar:select:1;Szary:0, 40:1;15
140;Kolor:color:0, Rozmiar:select:1;Szary:0, 41:1;5
140;Kolor:color:0, Rozmiar:select:1;Szary:0, 42:1;19
140;Kolor:color:0, Rozmiar:select:1;Szary:0, 43:1;9
140;Kolor:color:0, Rozmiar:select:1;Czarny:0, 39:1;10
140;Kolor:color:0, Rozmiar:select:1;Czarny:0, 40:1;15
140;Kolor:color:0, Rozmiar:select:1;Czarny:0, 41:1;9
140;Kolor:color:0, Rozmiar:select:1;Czarny:0, 42:1;1
140;Kolor:color:0, Rozmiar:select:1;Czarny:0, 43:1;14
141;Kolor:color:0, Rozmiar:select:1;Czerwony:0, 39:1;3
141;Kolor:color:0, Rozmiar:select:1;Czerwony:0, 40:1;16
141;Kolor:color:0, Rozmiar:select:1;Czerwony:0, 41:1;3
141;Kolor:color:0, Rozmiar:select:1;Czerwony:0, 42:1;20
141;Kolor:color:0, Rozmiar:select:1;Czerwony:0, 43:1;14
141;Kolor:color:0, Rozmiar:select:1;Zielony:0, 39:1;17
141;Kolor:color:0, Rozmiar:select:1;Zielony:0, 40:1;20
141;Kolor:color:0, Rozmiar:select:1;Zielony:0, 41:1;7
141;Kolor:color:0, Rozmiar:select:1;Zielony:0, 42:1;0
141;Kolor:color:0, Rozmiar:select:1;Zielony:0, 43:1;16
141;Kolor:color:0, Rozmiar:select:1;Niebieski:0, 39:1;5
141;Kolor:color:0, Rozmiar:select:1;Niebieski:0, 40:1;7
141;Kolor:color:0, Rozmiar:select:1;Niebieski:0, 41:1;9
141;Kolor:color:0, Rozmiar:select:1;Niebieski:0, 42:1;10
141;Kolor:color:0, Rozmiar:select:1;Niebieski:0, 43:1;8
141;Kolor:color:0, Rozmiar:select:1;Szary:0, 39:1;3
141;Kolor:color:0, Rozmiar:select:1;Szary:0, 40:1;11
141;Kolor:color:0, Rozmiar:select:1;Szary:0, 41:1;19
141;Kolor:color:0, Rozmiar:select:1;Szary:0, 42:1;17
141;Kolor:color:0, Rozmiar:select:1;Szary:0, 43:1;2
141;Kolor:color:0, Rozmiar:select:1;Czarny:0, 39:1;13
141;Kolor:color:0, Rozmiar:select:1;Czarny:0, 40:1;15
141;Kolor:color:0, Rozmiar:select:1;Czarny:0, 41:1;14
141;Kolor:color:0, Rozmiar:select:1;Czarny:0, 42:1;4
141;Kolor:color:0, Rozmiar:select:1;Czarny:0, 43:1;12
145;Kolor:color:0, Rozmiar:select:1;Czerwony:0, 39:1;11
145;Kolor:color:0, Rozmiar:select:1;Czerwony:0, 40:1;11
145;Kolor:color:0, Rozmiar:select:1;Czerwony:0, 41:1;6
145;Kolor:color:0, Rozmiar:select:1;Czerwony:0, 42:1;0
145;Kolor:color:0, Rozmiar:select:1;Czerwony:0, 43:1;19
145;Kolor:color:0, Rozmiar:select:1;Zielony:0, 39:1;14
145;Kolor:color:0, Rozmiar:select:1;Zielony:0, 40:1;0
145;Kolor:color:0, Rozmiar:select:1;Zielony:0, 41:1;2
145;Kolor:color:0, Rozmiar:select:1;Zielony:0, 42:1;12
145;Kolor:color:0, Rozmiar:select:1;Zielony:0, 43:1;15
145;Kolor:color:0, Rozmiar:select:1;Niebieski:0, 39:1;2
145;Kolor:color:0, Rozmiar:select:1;Niebieski:0, 40:1;20
145;Kolor:color:0, Rozmiar:select:1;Niebieski:0, 41:1;11
145;Kolor:color:0, Rozmiar:select:1;Niebieski:0, 42:1;8
145;Kolor:color:0, Rozmiar:select:1;Niebieski:0, 43:1;9
145;Kolor:color:0, Rozmiar:select:1;Szary:0, 39:1;9
145;Kolor:color:0, Rozmiar:select:1;Szary:0, 40:1;14
145;Kolor:color:0, Rozmiar:select:1;Szary:0, 41:1;14
145;Kolor:color:0, Rozmiar:select:1;Szary:0, 42:1;17
145;Kolor:color:0, Rozmiar:select:1;Szary:0, 43:1;3
145;Kolor:color:0, Rozmiar:select:1;Czarny:0, 39:1;4
145;Kolor:color:0, Rozmiar:select:1;Czarny:0, 40:1;4
145;Kolor:color:0, Rozmiar:select:1;Czarny:0, 41:1;10
145;Kolor:color:0, Rozmiar:select:1;Czarny:0, 42:1;2
145;Kolor:color:0, Rozmiar:select:1;Czarny:0, 43:1;0
146;Kolor:color:0, Rozmiar:select:1;Czerwony:0, 39:1;12
146;Kolor:color:0, Rozmiar:select:1;Czerwony:0, 40:1;10
146;Kolor:color:0, Rozmiar:select:1;Czerwony:0, 41:1;0
146;Kolor:color:0, Rozmiar:select:1;Czerwony:0, 42:1;1
146;Kolor:color:0, Rozmiar:select:1;Czerwony:0, 43:1;18
146;Kolor:color:0, Rozmiar:select:1;Zielony:0, 39:1;17
146;Kolor:color:0, Rozmiar:select:1;Zielony:0, 40:1;9
146;Kolor:color:0, Rozmiar:select:1;Zielony:0, 41:1;14
146;Kolor:color:0, Rozmiar:select:1;Zielony:0, 42:1;8
146;Kolor:color:0, Rozmiar:select:1;Zielony:0, 43:1;14
146;Kolor:color:0, Rozmiar:select:1;Niebieski:0, 39:1;18
146;Kolor:color:0, Rozmiar:select:1;Niebieski:0, 40:1;12
146;Kolor:color:0, Rozmiar:select:1;Niebieski:0, 41:1;3
146;Kolor:color:0, Rozmiar:select:1;Niebieski:0, 42:1;10
146;Kolor:color:0, Rozmiar:select:1;Niebieski:0, 43:1;11
146;Kolor:color:0, Rozmiar:select:1;Szary:0, 39:1;0
146;Kolor:color:0, Rozmiar:select:1;Szary:0, 40:1;16
146;Kolor:color:0, Rozmiar:select:1;Szary:0, 41:1;0
146;Kolor:color:0, Rozmiar:select:1;Szary:0, 42:1;18
146;Kolor:color:0, Rozmiar:select:1;Szary:0, 43:1;8
146;Kolor:color:0, Rozmiar:select:1;Czarny:0, 39:1;3
146;Kolor:color:0, Rozmiar:select:1;Czarny:0, 40:1;13
146;Kolor:color:0, Rozmiar:select:1;Czarny:0, 41:1;17
146;Kolor:color:0, Rozmiar:select:1;Czarny:0, 42:1;8
146;Kolor:color:0, Rozmiar:select:1;Czarny:0, 43:1;0
147;Kolor:color:0, Rozmiar:select:1;Czerwony:0, 39:1;19
147;Kolor:color:0, Rozmiar:select:1;Czerwony:0, 40:1;18
147;Kolor:color:0, Rozmiar:select:1;Czerwony:0, 41:1;19
147;Kolor:color:0, Rozmiar:select:1;Czerwony:0, 42:1;3
147;Kolor:color:0, Rozmiar:select:1;Czerwony:0, 43:1;20
147;Kolor:color:0, Rozmiar:select:1;Zielony:0, 39:1;11
147;Kolor:color:0, Rozmiar:select:1;Zielony:0, 40:1;3
147;Kolor:color:0, Rozmiar:select:1;Zielony:0, 41:1;0
147;Kolor:color:0, Rozmiar:select:1;Zielony:0, 42:1;10
147;Kolor:color:0, Rozmiar:select:1;Zielony:0, 43:1;14
147;Kolor:color:0, Rozmiar:select:1;Niebieski:0, 39:1;3
147;Kolor:color:0, Rozmiar:select:1;Niebieski:0, 40:1;9
147;Kolor:color:0, Rozmiar:select:1;Niebieski:0, 41:1;2
147;Kolor:color:0, Rozmiar:select:1;Niebieski:0, 42:1;20
147;Kolor:color:0, Rozmiar:select:1;Niebieski:0, 43:1;0
147;Kolor:color:0, Rozmiar:select:1;Szary:0, 39:1;15
147;Kolor:color:0, Rozmiar:select:1;Szary:0, 40:1;16
147;Kolor:color:0, Rozmiar:select:1;Szary:0, 41:1;10
147;Kolor:color:0, Rozmiar:select:1;Szary:0, 42:1;16
147;Kolor:color:0, Rozmiar:select:1;Szary:0, 43:1;19
147;Kolor:color:0, Rozmiar:select:1;Czarny:0, 39:1;16
147;Kolor:color:0, Rozmiar:select:1;Czarny:0, 40:1;7
147;Kolor:color:0, Rozmiar:select:1;Czarny:0, 41:1;0
147;Kolor:color:0, Rozmiar:select:1;Czarny:0, 42:1;3
147;Kolor:color:0, Rozmiar:select:1;Czarny:0, 43:1;3
148;Kolor:color:0, Rozmiar:select:1;Czerwony:0, 39:1;20
148;Kolor:color:0, Rozmiar:select:1;Czerwony:0, 40:1;12
148;Kolor:color:0, Rozmiar:select:1;Czerwony:0, 41:1;16
148;Kolor:color:0, Rozmiar:select:1;Czerwony:0, 42:1;9
148;Kolor:color:0, Rozmiar:select:1;Czerwony:0, 43:1;11
148;Kolor:color:0, Rozmiar:select:1;Zielony:0, 39:1;20
148;Kolor:color:0, Rozmiar:select:1;Zielony:0, 40:1;11
148;Kolor:color:0, Rozmiar:select:1;Zielony:0, 41:1;7
148;Kolor:color:0, Rozmiar:select:1;Zielony:0, 42:1;10
148;Kolor:color:0, Rozmiar:select:1;Zielony:0, 43:1;2
148;Kolor:color:0, Rozmiar:select:1;Niebieski:0, 39:1;3
148;Kolor:color:0, Rozmiar:select:1;Niebieski:0, 40:1;17
148;Kolor:color:0, Rozmiar:select:1;Niebieski:0, 41:1;17
148;Kolor:color:0, Rozmiar:select:1;Niebieski:0, 42:1;14
148;Kolor:color:0, Rozmiar:select:1;Niebieski:0, 43:1;0
148;Kolor:color:0, Rozmiar:select:1;Szary:0, 39:1;14
148;Kolor:color:0, Rozmiar:select:1;Szary:0, 40:1;8
148;Kolor:color:0, Rozmiar:select:1;Szary:0, 41:1;3
148;Kolor:color:0, Rozmiar:select:1;Szary:0, 42:1;19
148;Kolor:color:0, Rozmiar:select:1;Szary:0, 43:1;11
148;Kolor:color:0, Rozmiar:select:1;Czarny:0, 39:1;10
148;Kolor:color:0, Rozmiar:select:1;Czarny:0, 40:1;5
148;Kolor:color:0, Rozmiar:select:1;Czarny:0, 41:1;13
148;Kolor:color:0, Rozmiar:select:1;Czarny:0, 42:1;20
148;Kolor:color:0, Rozmiar:select:1;Czarny:0, 43:1;4
172;Kolor:color:0, Rozmiar:select:1;Czerwony:0, 39:1;11
172;Kolor:color:0, Rozmiar:select:1;Czerwony:0, 40:1;19
172;Kolor:color:0, Rozmiar:select:1;Czerwony:0, 41:1;19
172;Kolor:color:0, Rozmiar:select:1;Czerwony:0, 42:1;7
172;Kolor:color:0, Rozmiar:select:1;Czerwony:0, 43:1;11
172;Kolor:color:0, Rozmiar:select:1;Zielony:0, 39:1;17
172;Kolor:color:0, Rozmiar:select:1;Zielony:0, 40:1;4
172;Kolor:color:0, Rozmiar:select:1;Zielony:0, 41:1;6
172;Kolor:color:0, Rozmiar:select:1;Zielony:0, 42:1;4
172;Kolor:color:0, Rozmiar:select:1;Zielony:0, 43:1;1
172;Kolor:color:0, Rozmiar:select:1;Niebieski:0, 39:1;17
172;Kolor:color:0, Rozmiar:select:1;Niebieski:0, 40:1;3
172;Kolor:color:0, Rozmiar:select:1;Niebieski:0, 41:1;1
172;Kolor:color:0, Rozmiar:select:1;Niebieski:0, 42:1;8
172;Kolor:color:0, Rozmiar:select:1;Niebieski:0, 43:1;8
172;Kolor:color:0, Rozmiar:select:1;Szary:0, 39:1;18
172;Kolor:color:0, Rozmiar:select:1;Szary:0, 40:1;3
172;Kolor:color:0, Rozmiar:select:1;Szary:0, 41:1;0
172;Kolor:color:0, Rozmiar:select:1;Szary:0, 42:1;16
172;Kolor:color:0, Rozmiar:select:1;Szary:0, 43:1;15
172;Kolor:color:0, Rozmiar:select:1;Czarny:0, 39:1;2
172;Kolor:color:0, Rozmiar:select:1;Czarny:0, 40:1;4
172;Kolor:color:0, Rozmiar:select:1;Czarny:0, 41:1;8
172;Kolor:color:0, Rozmiar:select:1;Czarny:0, 42:1;1
172;Kolor:color:0, Rozmiar:select:1;Czarny:0, 43:1;11
205;Kolor:color:0, Rozmiar:select:1;Czerwony:0, 39:1;5
205;Kolor:color:0, Rozmiar:select:1;Czerwony:0, 40:1;4
205;Kolor:color:0, Rozmiar:select:1;Czerwony:0, 41:1;0
205;Kolor:color:0, Rozmiar:select:1;Czerwony:0, 42:1;10
205;Kolor:color:0, Rozmiar:select:1;Czerwony:0, 43:1;20
205;Kolor:color:0, Rozmiar:select:1;Zielony:0, 39:1;2
205;Kolor:color:0, Rozmiar:select:1;Zielony:0, 40:1;5
205;Kolor:color:0, Rozmiar:select:1;Zielony:0, 41:1;20
205;Kolor:color:0, Rozmiar:select:1;Zielony:0, 42:1;7
205;Kolor:color:0, Rozmiar:select:1;Zielony:0, 43:1;13
205;Kolor:color:0, Rozmiar:select:1;Niebieski:0, 39:1;13
205;Kolor:color:0, Rozmiar:select:1;Niebieski:0, 40:1;3
205;Kolor:color:0, Rozmiar:select:1;Niebieski:0, 41:1;10
205;Kolor:color:0, Rozmiar:select:1;Niebieski:0, 42:1;20
205;Kolor:color:0, Rozmiar:select:1;Niebieski:0, 43:1;15
205;Kolor:color:0, Rozmiar:select:1;Szary:0, 39:1;8
205;Kolor:color:0, Rozmiar:select:1;Szary:0, 40:1;17
205;Kolor:color:0, Rozmiar:select:1;Szary:0, 41:1;10
205;Kolor:color:0, Rozmiar:select:1;Szary:0, 42:1;8
205;Kolor:color:0, Rozmiar:select:1;Szary:0, 43:1;8
205;Kolor:color:0, Rozmiar:select:1;Czarny:0, 39:1;10
205;Kolor:color:0, Rozmiar:select:1;Czarny:0, 40:1;18
205;Kolor:color:0, Rozmiar:select:1;Czarny:0, 41:1;14
205;Kolor:color:0, Rozmiar:select:1;Czarny:0, 42:1;2
205;Kolor:color:0, Rozmiar:select:1;Czarny:0, 43:1;7
216;Kolor:color:0, Rozmiar:select:1;Czerwony:0, 39:1;16
216;Kolor:color:0, Rozmiar:select:1;Czerwony:0, 40:1;20
216;Kolor:color:0, Rozmiar:select:1;Czerwony:0, 41:1;5
216;Kolor:color:0, Rozmiar:select:1;Czerwony:0, 42:1;6
216;Kolor:color:0, Rozmiar:select:1;Czerwony:0, 43:1;12
216;Kolor:color:0, Rozmiar:select:1;Zielony:0, 39:1;14
216;Kolor:color:0, Rozmiar:select:1;Zielony:0, 40:1;5
216;Kolor:color:0, Rozmiar:select:1;Zielony:0, 41:1;5
216;Kolor:color:0, Rozmiar:select:1;Zielony:0, 42:1;19
216;Kolor:color:0, Rozmiar:select:1;Zielony:0, 43:1;3
216;Kolor:color:0, Rozmiar:select:1;Niebieski:0, 39:1;2
216;Kolor:color:0, Rozmiar:select:1;Niebieski:0, 40:1;18
216;Kolor:color:0, Rozmiar:select:1;Niebieski:0, 41:1;20
216;Kolor:color:0, Rozmiar:select:1;Niebieski:0, 42:1;0
216;Kolor:color:0, Rozmiar:select:1;Niebieski:0, 43:1;15
216;Kolor:color:0, Rozmiar:select:1;Szary:0, 39:1;20
216;Kolor:color:0, Rozmiar:select:1;Szary:0, 40:1;3
216;Kolor:color:0, Rozmiar:select:1;Szary:0, 41:1;10
216;Kolor:color:0, Rozmiar:select:1;Szary:0, 42:1;8
216;Kolor:color:0, Rozmiar:select:1;Szary:0, 43:1;19
216;Kolor:color:0, Rozmiar:select:1;Czarny:0, 39:1;20
216;Kolor:color:0, Rozmiar:select:1;Czarny:0, 40:1;14
216;Kolor:color:0, Rozmiar:select:1;Czarny:0, 41:1;1
216;Kolor:color:0, Rozmiar:select:1;Czarny:0, 42:1;14
216;Kolor:color:0, Rozmiar:select:1;Czarny:0, 43:1;4
223;Kolor:color:0, Rozmiar:select:1;Czerwony:0, 39:1;3
223;Kolor:color:0, Rozmiar:select:1;Czerwony:0, 40:1;3
223;Kolor:color:0, Rozmiar:select:1;Czerwony:0, 41:1;9
223;Kolor:color:0, Rozmiar:select:1;Czerwony:0, 42:1;18
223;Kolor:color:0, Rozmiar:select:1;Czerwony:0, 43:1;0
223;Kolor:color:0, Rozmiar:select:1;Zielony:0, 39:1;13
223;Kolor:color:0, Rozmiar:select:1;Zielony:0, 40:1;9
223;Kolor:color:0, Rozmiar:select:1;Zielony:0, 41:1;2
223;Kolor:color:0, Rozmiar:select:1;Zielony:0, 42:1;17
223;Kolor:color:0, Rozmiar:select:1;Zielony:0, 43:1;0
223;Kolor:color:0, Rozmiar:select:1;Niebieski:0, 39:1;20
223;Kolor:color:0, Rozmiar:select:1;Niebieski:0, 40:1;1
223;Kolor:color:0, Rozmiar:select:1;Niebieski:0, 41:1;16
223;Kolor:color:0, Rozmiar:select:1;Niebieski:0, 42:1;5
223;Kolor:color:0, Rozmiar:select:1;Niebieski:0, 43:1;6
223;Kolor:color:0, Rozmiar:select:1;Szary:0, 39:1;8
223;Kolor:color:0, Rozmiar:select:1;Szary:0, 40:1;13
223;Kolor:color:0, Rozmiar:select:1;Szary:0, 41:1;19
223;Kolor:color:0, Rozmiar:select:1;Szary:0, 42:1;4
223;Kolor:color:0, Rozmiar:select:1;Szary:0, 43:1;10
223;Kolor:color:0, Rozmiar:select:1;Czarny:0, 39:1;5
223;Kolor:color:0, Rozmiar:select:1;Czarny:0, 40:1;17
223;Kolor:color:0, Rozmiar:select:1;Czarny:0, 41:1;14
223;Kolor:color:0, Rozmiar:select:1;Czarny:0, 42:1;13
223;Kolor:color:0, Rozmiar:select:1;Czarny:0, 43:1;10
224;Kolor:color:0, Rozmiar:select:1;Czerwony:0, 39:1;12
224;Kolor:color:0, Rozmiar:select:1;Czerwony:0, 40:1;2
224;Kolor:color:0, Rozmiar:select:1;Czerwony:0, 41:1;1
224;Kolor:color:0, Rozmiar:select:1;Czerwony:0, 42:1;12
224;Kolor:color:0, Rozmiar:select:1;Czerwony:0, 43:1;8
224;Kolor:color:0, Rozmiar:select:1;Zielony:0, 39:1;11
224;Kolor:color:0, Rozmiar:select:1;Zielony:0, 40:1;12
224;Kolor:color:0, Rozmiar:select:1;Zielony:0, 41:1;19
224;Kolor:color:0, Rozmiar:select:1;Zielony:0, 42:1;19
224;Kolor:color:0, Rozmiar:select:1;Zielony:0, 43:1;8
224;Kolor:color:0, Rozmiar:select:1;Niebieski:0, 39:1;15
224;Kolor:color:0, Rozmiar:select:1;Niebieski:0, 40:1;20
224;Kolor:color:0, Rozmiar:select:1;Niebieski:0, 41:1;4
224;Kolor:color:0, Rozmiar:select:1;Niebieski:0, 42:1;7
224;Kolor:color:0, Rozmiar:select:1;Niebieski:0, 43:1;1
224;Kolor:color:0, Rozmiar:select:1;Szary:0, 39:1;9
224;Kolor:color:0, Rozmiar:select:1;Szary:0, 40:1;8
224;Kolor:color:0, Rozmiar:select:1;Szary:0, 41:1;6
224;Kolor:color:0, Rozmiar:select:1;Szary:0, 42:1;16
224;Kolor:color:0, Rozmiar:select:1;Szary:0, 43:1;0
224;Kolor:color:0, Rozmiar:select:1;Czarny:0, 39:1;4
224;Kolor:color:0, Rozmiar:select:1;Czarny:0, 40:1;8
224;Kolor:color:0, Rozmiar:select:1;Czarny:0, 41:1;11
224;Kolor:color:0, Rozmiar:select:1;Czarny:0, 42:1;19
224;Kolor:color:0, Rozmiar:select:1;Czarny:0, 43:1;8
225;Kolor:color:0, Rozmiar:select:1;Czerwony:0, 39:1;18
225;Kolor:color:0, Rozmiar:select:1;Czerwony:0, 40:1;14
225;Kolor:color:0, Rozmiar:select:1;Czerwony:0, 41:1;8
225;Kolor:color:0, Rozmiar:select:1;Czerwony:0, 42:1;13
225;Kolor:color:0, Rozmiar:select:1;Czerwony:0, 43:1;9
225;Kolor:color:0, Rozmiar:select:1;Zielony:0, 39:1;18
225;Kolor:color:0, Rozmiar:select:1;Zielony:0, 40:1;6
225;Kolor:color:0, Rozmiar:select:1;Zielony:0, 41:1;19
225;Kolor:color:0, Rozmiar:select:1;Zielony:0, 42:1;19
225;Kolor:color:0, Rozmiar:select:1;Zielony:0, 43:1;16
225;Kolor:color:0, Rozmiar:select:1;Niebieski:0, 39:1;17
225;Kolor:color:0, Rozmiar:select:1;Niebieski:0, 40:1;20
225;Kolor:color:0, Rozmiar:select:1;Niebieski:0, 41:1;15
225;Kolor:color:0, Rozmiar:select:1;Niebieski:0, 42:1;17
225;Kolor:color:0, Rozmiar:select:1;Niebieski:0, 43:1;18
225;Kolor:color:0, Rozmiar:select:1;Szary:0, 39:1;6
225;Kolor:color:0, Rozmiar:select:1;Szary:0, 40:1;19
225;Kolor:color:0, Rozmiar:select:1;Szary:0, 41:1;19
225;Kolor:color:0, Rozmiar:select:1;Szary:0, 42:1;17
225;Kolor:color:0, Rozmiar:select:1;Szary:0, 43:1;10
225;Kolor:color:0, Rozmiar:select:1;Czarny:0, 39:1;12
225;Kolor:color:0, Rozmiar:select:1;Czarny:0, 40:1;16
225;Kolor:color:0, Rozmiar:select:1;Czarny:0, 41:1;14
225;Kolor:color:0, Rozmiar:select:1;Czarny:0, 42:1;4
225;Kolor:color:0, Rozmiar:select:1;Czarny:0, 43:1;17
226;Kolor:color:0, Rozmiar:select:1;Czerwony:0, 39:1;16
226;Kolor:color:0, Rozmiar:select:1;Czerwony:0, 40:1;4
226;Kolor:color:0, Rozmiar:select:1;Czerwony:0, 41:1;10
226;Kolor:color:0, Rozmiar:select:1;Czerwony:0, 42:1;6
226;Kolor:color:0, Rozmiar:select:1;Czerwony:0, 43:1;13
226;Kolor:color:0, Rozmiar:select:1;Zielony:0, 39:1;3
226;Kolor:color:0, Rozmiar:select:1;Zielony:0, 40:1;4
226;Kolor:color:0, Rozmiar:select:1;Zielony:0, 41:1;5
226;Kolor:color:0, Rozmiar:select:1;Zielony:0, 42:1;16
226;Kolor:color:0, Rozmiar:select:1;Zielony:0, 43:1;11
226;Kolor:color:0, Rozmiar:select:1;Niebieski:0, 39:1;10
226;Kolor:color:0, Rozmiar:select:1;Niebieski:0, 40:1;16
226;Kolor:color:0, Rozmiar:select:1;Niebieski:0, 41:1;4
226;Kolor:color:0, Rozmiar:select:1;Niebieski:0, 42:1;7
226;Kolor:color:0, Rozmiar:select:1;Niebieski:0, 43:1;6
226;Kolor:color:0, Rozmiar:select:1;Szary:0, 39:1;16
226;Kolor:color:0, Rozmiar:select:1;Szary:0, 40:1;15
226;Kolor:color:0, Rozmiar:select:1;Szary:0, 41:1;9
226;Kolor:color:0, Rozmiar:select:1;Szary:0, 42:1;5
226;Kolor:color:0, Rozmiar:select:1;Szary:0, 43:1;20
226;Kolor:color:0, Rozmiar:select:1;Czarny:0, 39:1;3
226;Kolor:color:0, Rozmiar:select:1;Czarny:0, 40:1;7
226;Kolor:color:0, Rozmiar:select:1;Czarny:0, 41:1;2
226;Kolor:color:0, Rozmiar:select:1;Czarny:0, 42:1;18
226;Kolor:color:0, Rozmiar:select:1;Czarny:0, 43:1;14
227;Kolor:color:0, Rozmiar:select:1;Czerwony:0, 39:1;8
227;Kolor:color:0, Rozmiar:select:1;Czerwony:0, 40:1;11
227;Kolor:color:0, Rozmiar:select:1;Czerwony:0, 41:1;8
227;Kolor:color:0, Rozmiar:select:1;Czerwony:0, 42:1;13
227;Kolor:color:0, Rozmiar:select:1;Czerwony:0, 43:1;18
227;Kolor:color:0, Rozmiar:select:1;Zielony:0, 39:1;19
227;Kolor:color:0, Rozmiar:select:1;Zielony:0, 40:1;13
227;Kolor:color:0, Rozmiar:select:1;Zielony:0, 41:1;19
227;Kolor:color:0, Rozmiar:select:1;Zielony:0, 42:1;10
227;Kolor:color:0, Rozmiar:select:1;Zielony:0, 43:1;15
227;Kolor:color:0, Rozmiar:select:1;Niebieski:0, 39:1;6
227;Kolor:color:0, Rozmiar:select:1;Niebieski:0, 40:1;10
227;Kolor:color:0, Rozmiar:select:1;Niebieski:0, 41:1;13
227;Kolor:color:0, Rozmiar:select:1;Niebieski:0, 42:1;14
227;Kolor:color:0, Rozmiar:select:1;Niebieski:0, 43:1;5
227;Kolor:color:0, Rozmiar:select:1;Szary:0, 39:1;19
227;Kolor:color:0, Rozmiar:select:1;Szary:0, 40:1;17
227;Kolor:color:0, Rozmiar:select:1;Szary:0, 41:1;2
227;Kolor:color:0, Rozmiar:select:1;Szary:0, 42:1;5
227;Kolor:color:0, Rozmiar:select:1;Szary:0, 43:1;1
227;Kolor:color:0, Rozmiar:select:1;Czarny:0, 39:1;10
227;Kolor:color:0, Rozmiar:select:1;Czarny:0, 40:1;7
227;Kolor:color:0, Rozmiar:select:1;Czarny:0, 41:1;10
227;Kolor:color:0, Rozmiar:select:1;Czarny:0, 42:1;7
227;Kolor:color:0, Rozmiar:select:1;Czarny:0, 43:1;13
228;Kolor:color:0, Rozmiar:select:1;Czerwony:0, 39:1;7
228;Kolor:color:0, Rozmiar:select:1;Czerwony:0, 40:1;2
228;Kolor:color:0, Rozmiar:select:1;Czerwony:0, 41:1;18
228;Kolor:color:0, Rozmiar:select:1;Czerwony:0, 42:1;17
228;Kolor:color:0, Rozmiar:select:1;Czerwony:0, 43:1;14
228;Kolor:color:0, Rozmiar:select:1;Zielony:0, 39:1;10
228;Kolor:color:0, Rozmiar:select:1;Zielony:0, 40:1;20
228;Kolor:color:0, Rozmiar:select:1;Zielony:0, 41:1;4
228;Kolor:color:0, Rozmiar:select:1;Zielony:0, 42:1;0
228;Kolor:color:0, Rozmiar:select:1;Zielony:0, 43:1;15
228;Kolor:color:0, Rozmiar:select:1;Niebieski:0, 39:1;8
228;Kolor:color:0, Rozmiar:select:1;Niebieski:0, 40:1;10
228;Kolor:color:0, Rozmiar:select:1;Niebieski:0, 41:1;9
228;Kolor:color:0, Rozmiar:select:1;Niebieski:0, 42:1;20
228;Kolor:color:0, Rozmiar:select:1;Niebieski:0, 43:1;6
228;Kolor:color:0, Rozmiar:select:1;Szary:0, 39:1;4
228;Kolor:color:0, Rozmiar:select:1;Szary:0, 40:1;12
228;Kolor:color:0, Rozmiar:select:1;Szary:0, 41:1;19
228;Kolor:color:0, Rozmiar:select:1;Szary:0, 42:1;10
228;Kolor:color:0, Rozmiar:select:1;Szary:0, 43:1;18
228;Kolor:color:0, Rozmiar:select:1;Czarny:0, 39:1;8
228;Kolor:color:0, Rozmiar:select:1;Czarny:0, 40:1;2
228;Kolor:color:0, Rozmiar:select:1;Czarny:0, 41:1;12
228;Kolor:color:0, Rozmiar:select:1;Czarny:0, 42:1;13
228;Kolor:color:0, Rozmiar:select:1;Czarny:0, 43:1;20
244;Kolor:color:0, Rozmiar:select:1;Czerwony:0, 39:1;3
244;Kolor:color:0, Rozmiar:select:1;Czerwony:0, 40:1;14
244;Kolor:color:0, Rozmiar:select:1;Czerwony:0, 41:1;0
244;Kolor:color:0, Rozmiar:select:1;Czerwony:0, 42:1;0
244;Kolor:color:0, Rozmiar:select:1;Czerwony:0, 43:1;20
244;Kolor:color:0, Rozmiar:select:1;Zielony:0, 39:1;13
244;Kolor:color:0, Rozmiar:select:1;Zielony:0, 40:1;10
244;Kolor:color:0, Rozmiar:select:1;Zielony:0, 41:1;20
244;Kolor:color:0, Rozmiar:select:1;Zielony:0, 42:1;0
244;Kolor:color:0, Rozmiar:select:1;Zielony:0, 43:1;5
244;Kolor:color:0, Rozmiar:select:1;Niebieski:0, 39:1;12
244;Kolor:color:0, Rozmiar:select:1;Niebieski:0, 40:1;3
244;Kolor:color:0, Rozmiar:select:1;Niebieski:0, 41:1;14
244;Kolor:color:0, Rozmiar:select:1;Niebieski:0, 42:1;14
244;Kolor:color:0, Rozmiar:select:1;Niebieski:0, 43:1;10
244;Kolor:color:0, Rozmiar:select:1;Szary:0, 39:1;5
244;Kolor:color:0, Rozmiar:select:1;Szary:0, 40:1;16
244;Kolor:color:0, Rozmiar:select:1;Szary:0, 41:1;7
244;Kolor:color:0, Rozmiar:select:1;Szary:0, 42:1;19
244;Kolor:color:0, Rozmiar:select:1;Szary:0, 43:1;13
244;Kolor:color:0, Rozmiar:select:1;Czarny:0, 39:1;19
244;Kolor:color:0, Rozmiar:select:1;Czarny:0, 40:1;19
244;Kolor:color:0, Rozmiar:select:1;Czarny:0, 41:1;10
244;Kolor:color:0, Rozmiar:select:1;Czarny:0, 42:1;8
244;Kolor:color:0, Rozmiar:select:1;Czarny:0, 43:1;10
